-- ==========================================================
-- Bangladesh Railway Management System - 100 Sample Records
-- ==========================================================

SET FOREIGN_KEY_CHECKS = 0;

-- Routes
INSERT IGNORE INTO Route VALUES ('RT001','Dinajpur','Rajshahi',374,'6h 14m');
INSERT IGNORE INTO Route VALUES ('RT002','Chittagong','Dhaka',437,'7h 17m');
INSERT IGNORE INTO Route VALUES ('RT003','Pabna','Bogra',379,'6h 19m');
INSERT IGNORE INTO Route VALUES ('RT004','Sylhet','Dhaka',423,'7h 3m');
INSERT IGNORE INTO Route VALUES ('RT005','Dhaka','Rajshahi',158,'2h 38m');
INSERT IGNORE INTO Route VALUES ('RT006','Mymensingh','Bogra',257,'4h 17m');
INSERT IGNORE INTO Route VALUES ('RT007','Narayanganj','Jessore',147,'2h 27m');
INSERT IGNORE INTO Route VALUES ('RT008','Gazipur','Sylhet',241,'4h 1m');
INSERT IGNORE INTO Route VALUES ('RT009','Jessore','Comilla',462,'7h 42m');
INSERT IGNORE INTO Route VALUES ('RT010','Gazipur','Barisal',275,'4h 35m');
INSERT IGNORE INTO Route VALUES ('RT011','Jessore','Gazipur',353,'5h 53m');
INSERT IGNORE INTO Route VALUES ('RT012','Jessore','Dhaka',410,'6h 50m');
INSERT IGNORE INTO Route VALUES ('RT013','Bogra','Sylhet',382,'6h 22m');
INSERT IGNORE INTO Route VALUES ('RT014','Bogra','Sylhet',320,'5h 20m');
INSERT IGNORE INTO Route VALUES ('RT015','Khulna','Jessore',193,'3h 13m');
INSERT IGNORE INTO Route VALUES ('RT016','Mymensingh','Sylhet',380,'6h 20m');
INSERT IGNORE INTO Route VALUES ('RT017','Barisal','Khulna',110,'1h 50m');
INSERT IGNORE INTO Route VALUES ('RT018','Pabna','Rangpur',120,'2h 0m');
INSERT IGNORE INTO Route VALUES ('RT019','Dhaka','Khulna',434,'7h 14m');
INSERT IGNORE INTO Route VALUES ('RT020','Dinajpur','Pabna',368,'6h 8m');
INSERT IGNORE INTO Route VALUES ('RT021','Jessore','Rajshahi',271,'4h 31m');
INSERT IGNORE INTO Route VALUES ('RT022','Sylhet','Rajshahi',234,'3h 54m');
INSERT IGNORE INTO Route VALUES ('RT023','Dinajpur','Khulna',390,'6h 30m');
INSERT IGNORE INTO Route VALUES ('RT024','Pabna','Chittagong',311,'5h 11m');
INSERT IGNORE INTO Route VALUES ('RT025','Narayanganj','Dhaka',299,'4h 59m');
INSERT IGNORE INTO Route VALUES ('RT026','Bogra','Gazipur',409,'6h 49m');
INSERT IGNORE INTO Route VALUES ('RT027','Bogra','Mymensingh',164,'2h 44m');
INSERT IGNORE INTO Route VALUES ('RT028','Rajshahi','Bogra',462,'7h 42m');
INSERT IGNORE INTO Route VALUES ('RT029','Gazipur','Bogra',271,'4h 31m');
INSERT IGNORE INTO Route VALUES ('RT030','Jessore','Dhaka',192,'3h 12m');
INSERT IGNORE INTO Route VALUES ('RT031','Barisal','Narayanganj',204,'3h 24m');
INSERT IGNORE INTO Route VALUES ('RT032','Rajshahi','Narayanganj',345,'5h 45m');
INSERT IGNORE INTO Route VALUES ('RT033','Narayanganj','Dhaka',255,'4h 15m');
INSERT IGNORE INTO Route VALUES ('RT034','Sylhet','Barisal',436,'7h 16m');
INSERT IGNORE INTO Route VALUES ('RT035','Mymensingh','Barisal',249,'4h 9m');
INSERT IGNORE INTO Route VALUES ('RT036','Comilla','Bogra',393,'6h 33m');
INSERT IGNORE INTO Route VALUES ('RT037','Pabna','Narayanganj',484,'8h 4m');
INSERT IGNORE INTO Route VALUES ('RT038','Gazipur','Barisal',123,'2h 3m');
INSERT IGNORE INTO Route VALUES ('RT039','Pabna','Bogra',319,'5h 19m');
INSERT IGNORE INTO Route VALUES ('RT040','Jessore','Dhaka',367,'6h 7m');
INSERT IGNORE INTO Route VALUES ('RT041','Pabna','Khulna',355,'5h 55m');
INSERT IGNORE INTO Route VALUES ('RT042','Khulna','Narayanganj',292,'4h 52m');
INSERT IGNORE INTO Route VALUES ('RT043','Sylhet','Rajshahi',350,'5h 50m');
INSERT IGNORE INTO Route VALUES ('RT044','Narayanganj','Chittagong',192,'3h 12m');
INSERT IGNORE INTO Route VALUES ('RT045','Bogra','Sylhet',100,'1h 40m');
INSERT IGNORE INTO Route VALUES ('RT046','Gazipur','Dhaka',116,'1h 56m');
INSERT IGNORE INTO Route VALUES ('RT047','Comilla','Rajshahi',157,'2h 37m');
INSERT IGNORE INTO Route VALUES ('RT048','Bogra','Comilla',244,'4h 4m');
INSERT IGNORE INTO Route VALUES ('RT049','Khulna','Bogra',412,'6h 52m');
INSERT IGNORE INTO Route VALUES ('RT050','Narayanganj','Comilla',194,'3h 14m');
INSERT IGNORE INTO Route VALUES ('RT051','Barisal','Mymensingh',484,'8h 4m');
INSERT IGNORE INTO Route VALUES ('RT052','Narayanganj','Jessore',376,'6h 16m');
INSERT IGNORE INTO Route VALUES ('RT053','Barisal','Bogra',427,'7h 7m');
INSERT IGNORE INTO Route VALUES ('RT054','Dhaka','Sylhet',423,'7h 3m');
INSERT IGNORE INTO Route VALUES ('RT055','Dinajpur','Dhaka',185,'3h 5m');
INSERT IGNORE INTO Route VALUES ('RT056','Pabna','Mymensingh',384,'6h 24m');
INSERT IGNORE INTO Route VALUES ('RT057','Dinajpur','Jessore',376,'6h 16m');
INSERT IGNORE INTO Route VALUES ('RT058','Narayanganj','Comilla',209,'3h 29m');
INSERT IGNORE INTO Route VALUES ('RT059','Gazipur','Dinajpur',437,'7h 17m');
INSERT IGNORE INTO Route VALUES ('RT060','Dhaka','Jessore',255,'4h 15m');
INSERT IGNORE INTO Route VALUES ('RT061','Dhaka','Rajshahi',414,'6h 54m');
INSERT IGNORE INTO Route VALUES ('RT062','Chittagong','Jessore',100,'1h 40m');
INSERT IGNORE INTO Route VALUES ('RT063','Comilla','Dinajpur',201,'3h 21m');
INSERT IGNORE INTO Route VALUES ('RT064','Comilla','Mymensingh',426,'7h 6m');
INSERT IGNORE INTO Route VALUES ('RT065','Rajshahi','Sylhet',384,'6h 24m');
INSERT IGNORE INTO Route VALUES ('RT066','Khulna','Gazipur',210,'3h 30m');
INSERT IGNORE INTO Route VALUES ('RT067','Dhaka','Mymensingh',354,'5h 54m');
INSERT IGNORE INTO Route VALUES ('RT068','Rangpur','Barisal',242,'4h 2m');
INSERT IGNORE INTO Route VALUES ('RT069','Jessore','Barisal',326,'5h 26m');
INSERT IGNORE INTO Route VALUES ('RT070','Rangpur','Dhaka',199,'3h 19m');
INSERT IGNORE INTO Route VALUES ('RT071','Narayanganj','Jessore',421,'7h 1m');
INSERT IGNORE INTO Route VALUES ('RT072','Dhaka','Gazipur',309,'5h 9m');
INSERT IGNORE INTO Route VALUES ('RT073','Barisal','Rajshahi',147,'2h 27m');
INSERT IGNORE INTO Route VALUES ('RT074','Sylhet','Rangpur',283,'4h 43m');
INSERT IGNORE INTO Route VALUES ('RT075','Gazipur','Barisal',393,'6h 33m');
INSERT IGNORE INTO Route VALUES ('RT076','Dinajpur','Narayanganj',357,'5h 57m');
INSERT IGNORE INTO Route VALUES ('RT077','Pabna','Khulna',187,'3h 7m');
INSERT IGNORE INTO Route VALUES ('RT078','Rangpur','Dinajpur',219,'3h 39m');
INSERT IGNORE INTO Route VALUES ('RT079','Bogra','Chittagong',140,'2h 20m');
INSERT IGNORE INTO Route VALUES ('RT080','Jessore','Bogra',346,'5h 46m');
INSERT IGNORE INTO Route VALUES ('RT081','Barisal','Khulna',103,'1h 43m');
INSERT IGNORE INTO Route VALUES ('RT082','Sylhet','Pabna',300,'5h 0m');
INSERT IGNORE INTO Route VALUES ('RT083','Chittagong','Dhaka',159,'2h 39m');
INSERT IGNORE INTO Route VALUES ('RT084','Rajshahi','Narayanganj',160,'2h 40m');
INSERT IGNORE INTO Route VALUES ('RT085','Sylhet','Dhaka',443,'7h 23m');
INSERT IGNORE INTO Route VALUES ('RT086','Dhaka','Mymensingh',280,'4h 40m');
INSERT IGNORE INTO Route VALUES ('RT087','Dinajpur','Bogra',306,'5h 6m');
INSERT IGNORE INTO Route VALUES ('RT088','Narayanganj','Khulna',227,'3h 47m');
INSERT IGNORE INTO Route VALUES ('RT089','Khulna','Comilla',425,'7h 5m');
INSERT IGNORE INTO Route VALUES ('RT090','Mymensingh','Dinajpur',113,'1h 53m');
INSERT IGNORE INTO Route VALUES ('RT091','Jessore','Gazipur',342,'5h 42m');
INSERT IGNORE INTO Route VALUES ('RT092','Mymensingh','Bogra',171,'2h 51m');
INSERT IGNORE INTO Route VALUES ('RT093','Dhaka','Khulna',294,'4h 54m');
INSERT IGNORE INTO Route VALUES ('RT094','Dinajpur','Bogra',491,'8h 11m');
INSERT IGNORE INTO Route VALUES ('RT095','Dinajpur','Rajshahi',213,'3h 33m');
INSERT IGNORE INTO Route VALUES ('RT096','Rangpur','Narayanganj',414,'6h 54m');
INSERT IGNORE INTO Route VALUES ('RT097','Gazipur','Barisal',490,'8h 10m');
INSERT IGNORE INTO Route VALUES ('RT098','Narayanganj','Comilla',424,'7h 4m');
INSERT IGNORE INTO Route VALUES ('RT099','Rangpur','Narayanganj',334,'5h 34m');
INSERT IGNORE INTO Route VALUES ('RT100','Jessore','Dinajpur',215,'3h 35m');

-- Schedules
INSERT IGNORE INTO Schedule VALUES ('SC001','2026-05-15','08:00','16:30');
INSERT IGNORE INTO Schedule VALUES ('SC002','2026-05-05','10:00','15:30');
INSERT IGNORE INTO Schedule VALUES ('SC003','2026-05-06','16:00','23:30');
INSERT IGNORE INTO Schedule VALUES ('SC004','2026-05-17','19:00','23:30');
INSERT IGNORE INTO Schedule VALUES ('SC005','2026-04-29','13:00','17:30');
INSERT IGNORE INTO Schedule VALUES ('SC006','2026-05-05','15:00','22:30');
INSERT IGNORE INTO Schedule VALUES ('SC007','2026-05-11','08:00','13:30');
INSERT IGNORE INTO Schedule VALUES ('SC008','2026-04-22','16:00','23:30');
INSERT IGNORE INTO Schedule VALUES ('SC009','2026-05-11','07:00','11:30');
INSERT IGNORE INTO Schedule VALUES ('SC010','2026-05-16','16:00','23:30');
INSERT IGNORE INTO Schedule VALUES ('SC011','2026-05-19','20:00','23:30');
INSERT IGNORE INTO Schedule VALUES ('SC012','2026-04-28','19:00','23:30');
INSERT IGNORE INTO Schedule VALUES ('SC013','2026-05-01','20:00','23:30');
INSERT IGNORE INTO Schedule VALUES ('SC014','2026-05-12','10:00','14:30');
INSERT IGNORE INTO Schedule VALUES ('SC015','2026-05-01','06:00','09:30');
INSERT IGNORE INTO Schedule VALUES ('SC016','2026-05-13','14:00','17:30');
INSERT IGNORE INTO Schedule VALUES ('SC017','2026-05-07','19:00','23:30');
INSERT IGNORE INTO Schedule VALUES ('SC018','2026-04-28','21:00','23:30');
INSERT IGNORE INTO Schedule VALUES ('SC019','2026-04-21','06:00','14:30');
INSERT IGNORE INTO Schedule VALUES ('SC020','2026-04-23','09:00','12:30');
INSERT IGNORE INTO Schedule VALUES ('SC021','2026-05-17','09:00','13:30');
INSERT IGNORE INTO Schedule VALUES ('SC022','2026-05-19','11:00','15:30');
INSERT IGNORE INTO Schedule VALUES ('SC023','2026-05-01','22:00','23:30');
INSERT IGNORE INTO Schedule VALUES ('SC024','2026-04-20','19:00','23:30');
INSERT IGNORE INTO Schedule VALUES ('SC025','2026-04-30','20:00','23:30');
INSERT IGNORE INTO Schedule VALUES ('SC026','2026-05-08','12:00','16:30');
INSERT IGNORE INTO Schedule VALUES ('SC027','2026-05-10','08:00','11:30');
INSERT IGNORE INTO Schedule VALUES ('SC028','2026-04-29','05:00','11:30');
INSERT IGNORE INTO Schedule VALUES ('SC029','2026-05-11','11:00','16:30');
INSERT IGNORE INTO Schedule VALUES ('SC030','2026-04-20','12:00','16:30');
INSERT IGNORE INTO Schedule VALUES ('SC031','2026-04-26','05:00','08:30');
INSERT IGNORE INTO Schedule VALUES ('SC032','2026-04-20','09:00','13:30');
INSERT IGNORE INTO Schedule VALUES ('SC033','2026-05-04','06:00','09:30');
INSERT IGNORE INTO Schedule VALUES ('SC034','2026-05-18','11:00','19:30');
INSERT IGNORE INTO Schedule VALUES ('SC035','2026-04-21','17:00','21:30');
INSERT IGNORE INTO Schedule VALUES ('SC036','2026-04-26','18:00','22:30');
INSERT IGNORE INTO Schedule VALUES ('SC037','2026-05-15','17:00','23:30');
INSERT IGNORE INTO Schedule VALUES ('SC038','2026-04-25','22:00','23:30');
INSERT IGNORE INTO Schedule VALUES ('SC039','2026-05-16','07:00','14:30');
INSERT IGNORE INTO Schedule VALUES ('SC040','2026-05-17','09:00','14:30');
INSERT IGNORE INTO Schedule VALUES ('SC041','2026-04-29','05:00','10:30');
INSERT IGNORE INTO Schedule VALUES ('SC042','2026-04-30','05:00','13:30');
INSERT IGNORE INTO Schedule VALUES ('SC043','2026-05-17','05:00','11:30');
INSERT IGNORE INTO Schedule VALUES ('SC044','2026-05-17','15:00','20:30');
INSERT IGNORE INTO Schedule VALUES ('SC045','2026-05-01','14:00','21:30');
INSERT IGNORE INTO Schedule VALUES ('SC046','2026-05-04','07:00','15:30');
INSERT IGNORE INTO Schedule VALUES ('SC047','2026-05-08','11:00','17:30');
INSERT IGNORE INTO Schedule VALUES ('SC048','2026-04-30','12:00','17:30');
INSERT IGNORE INTO Schedule VALUES ('SC049','2026-05-14','21:00','23:30');
INSERT IGNORE INTO Schedule VALUES ('SC050','2026-04-27','19:00','23:30');
INSERT IGNORE INTO Schedule VALUES ('SC051','2026-05-17','21:00','23:30');
INSERT IGNORE INTO Schedule VALUES ('SC052','2026-04-27','09:00','12:30');
INSERT IGNORE INTO Schedule VALUES ('SC053','2026-05-08','08:00','15:30');
INSERT IGNORE INTO Schedule VALUES ('SC054','2026-05-11','09:00','15:30');
INSERT IGNORE INTO Schedule VALUES ('SC055','2026-05-12','22:00','23:30');
INSERT IGNORE INTO Schedule VALUES ('SC056','2026-05-16','17:00','23:30');
INSERT IGNORE INTO Schedule VALUES ('SC057','2026-05-07','09:00','12:30');
INSERT IGNORE INTO Schedule VALUES ('SC058','2026-05-10','16:00','23:30');
INSERT IGNORE INTO Schedule VALUES ('SC059','2026-05-14','15:00','18:30');
INSERT IGNORE INTO Schedule VALUES ('SC060','2026-04-24','11:00','15:30');
INSERT IGNORE INTO Schedule VALUES ('SC061','2026-05-16','06:00','10:30');
INSERT IGNORE INTO Schedule VALUES ('SC062','2026-04-26','20:00','23:30');
INSERT IGNORE INTO Schedule VALUES ('SC063','2026-05-10','09:00','17:30');
INSERT IGNORE INTO Schedule VALUES ('SC064','2026-05-15','19:00','23:30');
INSERT IGNORE INTO Schedule VALUES ('SC065','2026-04-25','16:00','21:30');
INSERT IGNORE INTO Schedule VALUES ('SC066','2026-05-15','10:00','14:30');
INSERT IGNORE INTO Schedule VALUES ('SC067','2026-05-18','15:00','21:30');
INSERT IGNORE INTO Schedule VALUES ('SC068','2026-04-20','08:00','16:30');
INSERT IGNORE INTO Schedule VALUES ('SC069','2026-04-23','19:00','23:30');
INSERT IGNORE INTO Schedule VALUES ('SC070','2026-05-12','12:00','18:30');
INSERT IGNORE INTO Schedule VALUES ('SC071','2026-04-20','11:00','19:30');
INSERT IGNORE INTO Schedule VALUES ('SC072','2026-05-18','19:00','23:30');
INSERT IGNORE INTO Schedule VALUES ('SC073','2026-05-02','14:00','19:30');
INSERT IGNORE INTO Schedule VALUES ('SC074','2026-05-18','22:00','23:30');
INSERT IGNORE INTO Schedule VALUES ('SC075','2026-04-21','12:00','15:30');
INSERT IGNORE INTO Schedule VALUES ('SC076','2026-05-13','13:00','19:30');
INSERT IGNORE INTO Schedule VALUES ('SC077','2026-05-01','22:00','23:30');
INSERT IGNORE INTO Schedule VALUES ('SC078','2026-04-29','16:00','23:30');
INSERT IGNORE INTO Schedule VALUES ('SC079','2026-05-04','09:00','13:30');
INSERT IGNORE INTO Schedule VALUES ('SC080','2026-05-15','18:00','23:30');
INSERT IGNORE INTO Schedule VALUES ('SC081','2026-04-20','08:00','15:30');
INSERT IGNORE INTO Schedule VALUES ('SC082','2026-05-08','20:00','23:30');
INSERT IGNORE INTO Schedule VALUES ('SC083','2026-05-16','22:00','23:30');
INSERT IGNORE INTO Schedule VALUES ('SC084','2026-04-28','16:00','20:30');
INSERT IGNORE INTO Schedule VALUES ('SC085','2026-04-20','09:00','12:30');
INSERT IGNORE INTO Schedule VALUES ('SC086','2026-04-27','17:00','20:30');
INSERT IGNORE INTO Schedule VALUES ('SC087','2026-05-06','14:00','19:30');
INSERT IGNORE INTO Schedule VALUES ('SC088','2026-04-24','22:00','23:30');
INSERT IGNORE INTO Schedule VALUES ('SC089','2026-05-06','22:00','23:30');
INSERT IGNORE INTO Schedule VALUES ('SC090','2026-04-30','16:00','21:30');
INSERT IGNORE INTO Schedule VALUES ('SC091','2026-04-30','10:00','14:30');
INSERT IGNORE INTO Schedule VALUES ('SC092','2026-04-26','19:00','23:30');
INSERT IGNORE INTO Schedule VALUES ('SC093','2026-05-03','14:00','17:30');
INSERT IGNORE INTO Schedule VALUES ('SC094','2026-05-18','10:00','15:30');
INSERT IGNORE INTO Schedule VALUES ('SC095','2026-05-17','15:00','19:30');
INSERT IGNORE INTO Schedule VALUES ('SC096','2026-05-17','22:00','23:30');
INSERT IGNORE INTO Schedule VALUES ('SC097','2026-05-02','06:00','13:30');
INSERT IGNORE INTO Schedule VALUES ('SC098','2026-05-16','08:00','13:30');
INSERT IGNORE INTO Schedule VALUES ('SC099','2026-04-22','13:00','17:30');
INSERT IGNORE INTO Schedule VALUES ('SC100','2026-05-14','17:00','23:30');

-- Employees
INSERT IGNORE INTO Employee VALUES ('EMP001','Shahid','Roy','Driver',72000,'01739764921','Rangpur','2020-12-01');
INSERT IGNORE INTO Employee VALUES ('EMP002','Rahim','Khan','Driver',36000,'01789283772','Sylhet','2023-10-11');
INSERT IGNORE INTO Employee VALUES ('EMP003','Karim','Hossain','Ticket Checker',79000,'01734806123','Mymensingh','2021-03-02');
INSERT IGNORE INTO Employee VALUES ('EMP004','Amin','Hossain','Driver',78000,'01773816836','Narayanganj','2022-05-17');
INSERT IGNORE INTO Employee VALUES ('EMP005','Kamal','Uddin','Supervisor',75000,'01747463594','Sylhet','2024-02-29');
INSERT IGNORE INTO Employee VALUES ('EMP006','Ayesha','Haque','Ticket Checker',53000,'01783654753','Bogra','2024-07-16');
INSERT IGNORE INTO Employee VALUES ('EMP007','Ayesha','Chowdhury','Admin',39000,'01785353347','Comilla','2024-07-27');
INSERT IGNORE INTO Employee VALUES ('EMP008','Shahid','Chowdhury','Driver',66000,'01741229867','Bogra','2022-01-05');
INSERT IGNORE INTO Employee VALUES ('EMP009','Jamal','Uddin','Platform Staff',63000,'01728174874','Barisal','2025-04-16');
INSERT IGNORE INTO Employee VALUES ('EMP010','Nurul','Roy','Supervisor',36000,'01778772689','Jessore','2023-02-08');
INSERT IGNORE INTO Employee VALUES ('EMP011','Sumaiya','Khan','Supervisor',33000,'01751044592','Rajshahi','2023-12-09');
INSERT IGNORE INTO Employee VALUES ('EMP012','Rafiq','Haque','Ticket Checker',59000,'01790013690','Narayanganj','2021-04-24');
INSERT IGNORE INTO Employee VALUES ('EMP013','Tania','Ahmed','Driver',72000,'01727921673','Dhaka','2024-09-12');
INSERT IGNORE INTO Employee VALUES ('EMP014','Hasan','Talukder','Admin',36000,'01744670408','Chittagong','2024-02-04');
INSERT IGNORE INTO Employee VALUES ('EMP015','Rahim','Ahmed','Driver',50000,'01718665554','Rajshahi','2022-07-02');
INSERT IGNORE INTO Employee VALUES ('EMP016','Fatema','Miah','Admin',58000,'01795678442','Comilla','2021-12-22');
INSERT IGNORE INTO Employee VALUES ('EMP017','Rahim','Hossain','Driver',53000,'01719842090','Sylhet','2022-08-15');
INSERT IGNORE INTO Employee VALUES ('EMP018','Amin','Chowdhury','Driver',48000,'01787240643','Khulna','2024-10-08');
INSERT IGNORE INTO Employee VALUES ('EMP019','Rahim','Hossain','Supervisor',47000,'01745179011','Gazipur','2024-04-22');
INSERT IGNORE INTO Employee VALUES ('EMP020','Kamal','Sikder','Supervisor',65000,'01751722683','Jessore','2021-09-30');
INSERT IGNORE INTO Employee VALUES ('EMP021','Karim','Khan','Platform Staff',48000,'01733097071','Mymensingh','2024-08-06');
INSERT IGNORE INTO Employee VALUES ('EMP022','Nadia','Rahman','Driver',57000,'01791050449','Dinajpur','2023-01-03');
INSERT IGNORE INTO Employee VALUES ('EMP023','Amin','Ahmed','Admin',64000,'01751375257','Dhaka','2022-04-22');
INSERT IGNORE INTO Employee VALUES ('EMP024','Sumaiya','Hossain','Driver',50000,'01729476522','Jessore','2021-11-17');
INSERT IGNORE INTO Employee VALUES ('EMP025','Jamal','Uddin','Platform Staff',63000,'01786425213','Dhaka','2021-07-04');
INSERT IGNORE INTO Employee VALUES ('EMP026','Shahid','Ali','Supervisor',68000,'01728063747','Dinajpur','2025-10-16');
INSERT IGNORE INTO Employee VALUES ('EMP027','Kamal','Haque','Admin',63000,'01777377984','Pabna','2025-10-21');
INSERT IGNORE INTO Employee VALUES ('EMP028','Ayesha','Islam','Supervisor',72000,'01747363638','Sylhet','2025-10-29');
INSERT IGNORE INTO Employee VALUES ('EMP029','Karim','Hossain','Admin',61000,'01712698893','Rangpur','2025-01-31');
INSERT IGNORE INTO Employee VALUES ('EMP030','Nadia','Hossain','Platform Staff',33000,'01767219697','Dinajpur','2021-11-08');
INSERT IGNORE INTO Employee VALUES ('EMP031','Hasan','Khatun','Supervisor',58000,'01789529523','Mymensingh','2025-02-14');
INSERT IGNORE INTO Employee VALUES ('EMP032','Mizan','Uddin','Ticket Checker',53000,'01740033153','Sylhet','2022-03-07');
INSERT IGNORE INTO Employee VALUES ('EMP033','Fatema','Begum','Platform Staff',59000,'01781871356','Rangpur','2023-03-04');
INSERT IGNORE INTO Employee VALUES ('EMP034','Nurul','Islam','Driver',40000,'01769785940','Sylhet','2021-09-29');
INSERT IGNORE INTO Employee VALUES ('EMP035','Nadia','Ahmed','Supervisor',61000,'01786545076','Rangpur','2022-04-05');
INSERT IGNORE INTO Employee VALUES ('EMP036','Kamal','Ahmed','Driver',68000,'01758156467','Bogra','2022-09-13');
INSERT IGNORE INTO Employee VALUES ('EMP037','Nadia','Ali','Driver',67000,'01737318354','Mymensingh','2022-12-14');
INSERT IGNORE INTO Employee VALUES ('EMP038','Jamal','Chowdhury','Driver',70000,'01727401997','Narayanganj','2023-12-02');
INSERT IGNORE INTO Employee VALUES ('EMP039','Rafiq','Haque','Ticket Checker',30000,'01786259739','Barisal','2024-07-31');
INSERT IGNORE INTO Employee VALUES ('EMP040','Rahim','Rahman','Driver',48000,'01766286939','Dinajpur','2024-02-03');
INSERT IGNORE INTO Employee VALUES ('EMP041','Hasan','Uddin','Driver',66000,'01794163534','Rangpur','2022-10-27');
INSERT IGNORE INTO Employee VALUES ('EMP042','Nadia','Islam','Driver',46000,'01727044866','Chittagong','2023-04-13');
INSERT IGNORE INTO Employee VALUES ('EMP043','Nurul','Roy','Driver',59000,'01756903719','Bogra','2021-04-13');
INSERT IGNORE INTO Employee VALUES ('EMP044','Nurul','Uddin','Ticket Checker',36000,'01795102241','Jessore','2024-01-08');
INSERT IGNORE INTO Employee VALUES ('EMP045','Nurul','Khatun','Platform Staff',48000,'01743322094','Narayanganj','2023-07-27');
INSERT IGNORE INTO Employee VALUES ('EMP046','Kamal','Talukder','Platform Staff',60000,'01745204476','Rangpur','2025-08-10');
INSERT IGNORE INTO Employee VALUES ('EMP047','Jamal','Rahman','Admin',47000,'01745828219','Comilla','2026-04-03');
INSERT IGNORE INTO Employee VALUES ('EMP048','Tania','Chowdhury','Platform Staff',71000,'01735570960','Pabna','2024-03-16');
INSERT IGNORE INTO Employee VALUES ('EMP049','Tania','Haque','Driver',62000,'01745680965','Khulna','2026-03-16');
INSERT IGNORE INTO Employee VALUES ('EMP050','Nurul','Sikder','Admin',52000,'01727962614','Gazipur','2023-03-22');
INSERT IGNORE INTO Employee VALUES ('EMP051','Nadia','Khatun','Driver',60000,'01771792635','Dinajpur','2025-05-22');
INSERT IGNORE INTO Employee VALUES ('EMP052','Nurul','Talukder','Driver',43000,'01745033974','Rajshahi','2024-03-06');
INSERT IGNORE INTO Employee VALUES ('EMP053','Jamal','Talukder','Supervisor',75000,'01717611605','Rangpur','2025-06-26');
INSERT IGNORE INTO Employee VALUES ('EMP054','Shahid','Uddin','Platform Staff',41000,'01794282367','Rangpur','2026-04-13');
INSERT IGNORE INTO Employee VALUES ('EMP055','Kamal','Sikder','Admin',37000,'01772675935','Khulna','2024-04-19');
INSERT IGNORE INTO Employee VALUES ('EMP056','Ayesha','Ali','Driver',57000,'01714549315','Gazipur','2025-10-28');
INSERT IGNORE INTO Employee VALUES ('EMP057','Tania','Sikder','Driver',42000,'01795900989','Dinajpur','2021-02-12');
INSERT IGNORE INTO Employee VALUES ('EMP058','Tania','Sikder','Admin',34000,'01799249103','Khulna','2021-08-29');
INSERT IGNORE INTO Employee VALUES ('EMP059','Sumaiya','Ali','Platform Staff',38000,'01724620360','Gazipur','2025-08-05');
INSERT IGNORE INTO Employee VALUES ('EMP060','Hasan','Uddin','Supervisor',45000,'01763984106','Bogra','2022-04-18');
INSERT IGNORE INTO Employee VALUES ('EMP061','Rafiq','Ahmed','Driver',65000,'01798537062','Comilla','2023-10-03');
INSERT IGNORE INTO Employee VALUES ('EMP062','Rafiq','Talukder','Ticket Checker',77000,'01758653200','Dinajpur','2025-01-03');
INSERT IGNORE INTO Employee VALUES ('EMP063','Rafiq','Roy','Driver',37000,'01722469438','Gazipur','2026-02-13');
INSERT IGNORE INTO Employee VALUES ('EMP064','Mizan','Haque','Driver',43000,'01762219720','Bogra','2022-01-11');
INSERT IGNORE INTO Employee VALUES ('EMP065','Rafiq','Talukder','Driver',54000,'01728104070','Dhaka','2023-11-23');
INSERT IGNORE INTO Employee VALUES ('EMP066','Amin','Begum','Admin',67000,'01721006112','Sylhet','2020-12-30');
INSERT IGNORE INTO Employee VALUES ('EMP067','Nadia','Khan','Driver',52000,'01715722824','Dinajpur','2021-05-23');
INSERT IGNORE INTO Employee VALUES ('EMP068','Rahim','Uddin','Admin',68000,'01752716392','Barisal','2023-04-08');
INSERT IGNORE INTO Employee VALUES ('EMP069','Ayesha','Miah','Driver',80000,'01728607404','Pabna','2021-05-30');
INSERT IGNORE INTO Employee VALUES ('EMP070','Sumaiya','Miah','Supervisor',46000,'01741423058','Sylhet','2026-01-24');
INSERT IGNORE INTO Employee VALUES ('EMP071','Amin','Khatun','Supervisor',55000,'01739103781','Rangpur','2022-06-02');
INSERT IGNORE INTO Employee VALUES ('EMP072','Fatema','Sikder','Supervisor',69000,'01790226262','Rangpur','2025-10-22');
INSERT IGNORE INTO Employee VALUES ('EMP073','Rafiq','Ali','Admin',62000,'01798189422','Khulna','2024-03-21');
INSERT IGNORE INTO Employee VALUES ('EMP074','Amin','Begum','Driver',47000,'01764215443','Mymensingh','2023-03-04');
INSERT IGNORE INTO Employee VALUES ('EMP075','Tania','Chowdhury','Driver',48000,'01796642502','Rajshahi','2022-10-31');
INSERT IGNORE INTO Employee VALUES ('EMP076','Tania','Roy','Driver',64000,'01781035240','Dhaka','2023-05-22');
INSERT IGNORE INTO Employee VALUES ('EMP077','Rahim','Rahman','Driver',74000,'01761722318','Sylhet','2021-01-30');
INSERT IGNORE INTO Employee VALUES ('EMP078','Rahim','Hossain','Driver',35000,'01731034569','Pabna','2023-09-22');
INSERT IGNORE INTO Employee VALUES ('EMP079','Rafiq','Islam','Driver',30000,'01738141686','Dinajpur','2022-06-01');
INSERT IGNORE INTO Employee VALUES ('EMP080','Ayesha','Ali','Driver',55000,'01789990668','Dhaka','2022-01-06');
INSERT IGNORE INTO Employee VALUES ('EMP081','Sumaiya','Talukder','Driver',52000,'01794609464','Gazipur','2025-04-21');
INSERT IGNORE INTO Employee VALUES ('EMP082','Nadia','Uddin','Driver',43000,'01787235509','Dinajpur','2021-04-08');
INSERT IGNORE INTO Employee VALUES ('EMP083','Hasan','Roy','Ticket Checker',67000,'01721998227','Rajshahi','2021-11-08');
INSERT IGNORE INTO Employee VALUES ('EMP084','Hasan','Khatun','Driver',57000,'01795971084','Rangpur','2023-04-04');
INSERT IGNORE INTO Employee VALUES ('EMP085','Nadia','Miah','Driver',63000,'01720336826','Bogra','2022-05-10');
INSERT IGNORE INTO Employee VALUES ('EMP086','Mizan','Khatun','Driver',52000,'01733976522','Bogra','2021-12-19');
INSERT IGNORE INTO Employee VALUES ('EMP087','Ayesha','Ali','Driver',70000,'01760886608','Barisal','2022-11-20');
INSERT IGNORE INTO Employee VALUES ('EMP088','Jamal','Roy','Driver',35000,'01792947818','Khulna','2025-01-21');
INSERT IGNORE INTO Employee VALUES ('EMP089','Sumaiya','Uddin','Ticket Checker',52000,'01779248576','Dinajpur','2021-07-05');
INSERT IGNORE INTO Employee VALUES ('EMP090','Hasan','Chowdhury','Driver',49000,'01781558154','Dinajpur','2022-06-30');
INSERT IGNORE INTO Employee VALUES ('EMP091','Sumaiya','Hossain','Admin',72000,'01758831396','Rajshahi','2026-02-06');
INSERT IGNORE INTO Employee VALUES ('EMP092','Kamal','Talukder','Driver',58000,'01760568989','Dhaka','2026-04-08');
INSERT IGNORE INTO Employee VALUES ('EMP093','Sumaiya','Uddin','Driver',36000,'01719231767','Rajshahi','2022-02-08');
INSERT IGNORE INTO Employee VALUES ('EMP094','Hasan','Ali','Driver',73000,'01742666421','Rangpur','2023-06-15');
INSERT IGNORE INTO Employee VALUES ('EMP095','Mizan','Ahmed','Driver',53000,'01788178349','Chittagong','2025-01-02');
INSERT IGNORE INTO Employee VALUES ('EMP096','Ayesha','Rahman','Admin',51000,'01729942319','Dhaka','2023-05-31');
INSERT IGNORE INTO Employee VALUES ('EMP097','Fatema','Uddin','Ticket Checker',34000,'01798577516','Bogra','2021-05-29');
INSERT IGNORE INTO Employee VALUES ('EMP098','Amin','Uddin','Driver',63000,'01718845868','Chittagong','2023-01-18');
INSERT IGNORE INTO Employee VALUES ('EMP099','Jamal','Chowdhury','Driver',38000,'01776713494','Barisal','2024-05-18');
INSERT IGNORE INTO Employee VALUES ('EMP100','Kamal','Ahmed','Supervisor',43000,'01780054409','Rajshahi','2025-01-12');

-- Trains
INSERT IGNORE INTO Train VALUES ('TR001','Parabat Express 1','Intercity','RT045','SC098','EMP080',NULL,'ACTIVE');
INSERT IGNORE INTO Train VALUES ('TR002','Suborno Express 2','Express','RT040','SC079','EMP036',NULL,'ACTIVE');
INSERT IGNORE INTO Train VALUES ('TR003','Meghna Express 3','Intercity','RT037','SC060','EMP093',NULL,'ACTIVE');
INSERT IGNORE INTO Train VALUES ('TR004','Padma Express 4','Express','RT065','SC021','EMP067',NULL,'MAINTENANCE');
INSERT IGNORE INTO Train VALUES ('TR005','Tista Express 5','Intercity','RT066','SC061','EMP097',NULL,'ACTIVE');
INSERT IGNORE INTO Train VALUES ('TR006','Suborno Express 6','Intercity','RT011','SC031','EMP063',NULL,'ACTIVE');
INSERT IGNORE INTO Train VALUES ('TR007','Padma Express 7','Intercity','RT072','SC090','EMP074',NULL,'ACTIVE');
INSERT IGNORE INTO Train VALUES ('TR008','Jamuna Express 8','Intercity','RT079','SC077','EMP004',NULL,'ACTIVE');
INSERT IGNORE INTO Train VALUES ('TR009','Silk City Express 9','Intercity','RT090','SC008','EMP003',NULL,'MAINTENANCE');
INSERT IGNORE INTO Train VALUES ('TR010','Silk City Express 10','Intercity','RT077','SC022','EMP069',NULL,'ACTIVE');
INSERT IGNORE INTO Train VALUES ('TR011','Tista Express 11','Express','RT064','SC012','EMP005',NULL,'ACTIVE');
INSERT IGNORE INTO Train VALUES ('TR012','Sonali Bank Express 12','Intercity','RT079','SC098','EMP065',NULL,'ACTIVE');
INSERT IGNORE INTO Train VALUES ('TR013','Parabat Express 13','Express','RT003','SC079','EMP050',NULL,'ACTIVE');
INSERT IGNORE INTO Train VALUES ('TR014','Silk City Express 14','Express','RT040','SC056','EMP059',NULL,'MAINTENANCE');
INSERT IGNORE INTO Train VALUES ('TR015','Padma Express 15','Intercity','RT005','SC087','EMP075',NULL,'ACTIVE');
INSERT IGNORE INTO Train VALUES ('TR016','Tista Express 16','Intercity','RT049','SC056','EMP003',NULL,'ACTIVE');
INSERT IGNORE INTO Train VALUES ('TR017','Sundarban Express 17','Intercity','RT077','SC062','EMP085',NULL,'ACTIVE');
INSERT IGNORE INTO Train VALUES ('TR018','Jamuna Express 18','Intercity','RT089','SC023','EMP014',NULL,'ACTIVE');
INSERT IGNORE INTO Train VALUES ('TR019','Mohanagar Express 19','Express','RT006','SC014','EMP083',NULL,'ACTIVE');
INSERT IGNORE INTO Train VALUES ('TR020','Jamuna Express 20','Intercity','RT072','SC083','EMP084',NULL,'ACTIVE');
INSERT IGNORE INTO Train VALUES ('TR021','Silk City Express 21','Express','RT068','SC083','EMP053',NULL,'ACTIVE');
INSERT IGNORE INTO Train VALUES ('TR022','Silk City Express 22','Intercity','RT023','SC066','EMP069',NULL,'ACTIVE');
INSERT IGNORE INTO Train VALUES ('TR023','Meghna Express 23','Express','RT014','SC056','EMP045',NULL,'MAINTENANCE');
INSERT IGNORE INTO Train VALUES ('TR024','Mohanagar Express 24','Intercity','RT008','SC002','EMP099',NULL,'ACTIVE');
INSERT IGNORE INTO Train VALUES ('TR025','Parabat Express 25','Express','RT039','SC023','EMP059',NULL,'ACTIVE');
INSERT IGNORE INTO Train VALUES ('TR026','Meghna Express 26','Intercity','RT051','SC021','EMP048',NULL,'ACTIVE');
INSERT IGNORE INTO Train VALUES ('TR027','Suborno Express 27','Intercity','RT099','SC022','EMP071',NULL,'ACTIVE');
INSERT IGNORE INTO Train VALUES ('TR028','Parabat Express 28','Express','RT099','SC025','EMP041',NULL,'ACTIVE');
INSERT IGNORE INTO Train VALUES ('TR029','Mohanagar Express 29','Intercity','RT075','SC082','EMP013',NULL,'ACTIVE');
INSERT IGNORE INTO Train VALUES ('TR030','Tista Express 30','Express','RT082','SC068','EMP100',NULL,'ACTIVE');
INSERT IGNORE INTO Train VALUES ('TR031','Sonali Bank Express 31','Express','RT033','SC046','EMP042',NULL,'ACTIVE');
INSERT IGNORE INTO Train VALUES ('TR032','Sonali Bank Express 32','Express','RT056','SC037','EMP043',NULL,'ACTIVE');
INSERT IGNORE INTO Train VALUES ('TR033','Mohanagar Express 33','Express','RT071','SC018','EMP032',NULL,'MAINTENANCE');
INSERT IGNORE INTO Train VALUES ('TR034','Jamuna Express 34','Intercity','RT041','SC055','EMP033',NULL,'ACTIVE');
INSERT IGNORE INTO Train VALUES ('TR035','Silk City Express 35','Intercity','RT074','SC054','EMP097',NULL,'ACTIVE');
INSERT IGNORE INTO Train VALUES ('TR036','Silk City Express 36','Intercity','RT064','SC044','EMP055',NULL,'ACTIVE');
INSERT IGNORE INTO Train VALUES ('TR037','Tista Express 37','Express','RT094','SC094','EMP076',NULL,'ACTIVE');
INSERT IGNORE INTO Train VALUES ('TR038','Silk City Express 38','Express','RT018','SC048','EMP070',NULL,'ACTIVE');
INSERT IGNORE INTO Train VALUES ('TR039','Tista Express 39','Intercity','RT047','SC089','EMP015',NULL,'MAINTENANCE');
INSERT IGNORE INTO Train VALUES ('TR040','Silk City Express 40','Intercity','RT029','SC035','EMP085',NULL,'ACTIVE');
INSERT IGNORE INTO Train VALUES ('TR041','Meghna Express 41','Express','RT037','SC067','EMP051',NULL,'ACTIVE');
INSERT IGNORE INTO Train VALUES ('TR042','Padma Express 42','Intercity','RT037','SC024','EMP083',NULL,'ACTIVE');
INSERT IGNORE INTO Train VALUES ('TR043','Jamuna Express 43','Express','RT029','SC095','EMP004',NULL,'ACTIVE');
INSERT IGNORE INTO Train VALUES ('TR044','Meghna Express 44','Intercity','RT052','SC019','EMP053',NULL,'ACTIVE');
INSERT IGNORE INTO Train VALUES ('TR045','Padma Express 45','Intercity','RT027','SC082','EMP025',NULL,'ACTIVE');
INSERT IGNORE INTO Train VALUES ('TR046','Jamuna Express 46','Express','RT047','SC027','EMP069',NULL,'ACTIVE');
INSERT IGNORE INTO Train VALUES ('TR047','Meghna Express 47','Intercity','RT024','SC010','EMP024',NULL,'ACTIVE');
INSERT IGNORE INTO Train VALUES ('TR048','Parabat Express 48','Express','RT023','SC010','EMP063',NULL,'ACTIVE');
INSERT IGNORE INTO Train VALUES ('TR049','Jamuna Express 49','Express','RT031','SC052','EMP094',NULL,'ACTIVE');
INSERT IGNORE INTO Train VALUES ('TR050','Mohanagar Express 50','Express','RT096','SC038','EMP036',NULL,'ACTIVE');
INSERT IGNORE INTO Train VALUES ('TR051','Sundarban Express 51','Intercity','RT028','SC034','EMP029',NULL,'ACTIVE');
INSERT IGNORE INTO Train VALUES ('TR052','Silk City Express 52','Express','RT017','SC089','EMP009',NULL,'ACTIVE');
INSERT IGNORE INTO Train VALUES ('TR053','Sonali Bank Express 53','Express','RT046','SC020','EMP037',NULL,'ACTIVE');
INSERT IGNORE INTO Train VALUES ('TR054','Padma Express 54','Intercity','RT097','SC092','EMP033',NULL,'ACTIVE');
INSERT IGNORE INTO Train VALUES ('TR055','Padma Express 55','Express','RT002','SC052','EMP083',NULL,'MAINTENANCE');
INSERT IGNORE INTO Train VALUES ('TR056','Tista Express 56','Intercity','RT066','SC020','EMP001',NULL,'ACTIVE');
INSERT IGNORE INTO Train VALUES ('TR057','Tista Express 57','Express','RT097','SC053','EMP020',NULL,'ACTIVE');
INSERT IGNORE INTO Train VALUES ('TR058','Padma Express 58','Intercity','RT071','SC028','EMP084',NULL,'ACTIVE');
INSERT IGNORE INTO Train VALUES ('TR059','Silk City Express 59','Intercity','RT100','SC095','EMP070',NULL,'ACTIVE');
INSERT IGNORE INTO Train VALUES ('TR060','Sundarban Express 60','Express','RT095','SC010','EMP022',NULL,'ACTIVE');
INSERT IGNORE INTO Train VALUES ('TR061','Tista Express 61','Intercity','RT049','SC097','EMP079',NULL,'ACTIVE');
INSERT IGNORE INTO Train VALUES ('TR062','Sundarban Express 62','Intercity','RT038','SC079','EMP087',NULL,'ACTIVE');
INSERT IGNORE INTO Train VALUES ('TR063','Suborno Express 63','Express','RT099','SC040','EMP082',NULL,'ACTIVE');
INSERT IGNORE INTO Train VALUES ('TR064','Parabat Express 64','Express','RT022','SC037','EMP087',NULL,'ACTIVE');
INSERT IGNORE INTO Train VALUES ('TR065','Mohanagar Express 65','Express','RT036','SC074','EMP005',NULL,'ACTIVE');
INSERT IGNORE INTO Train VALUES ('TR066','Tista Express 66','Intercity','RT032','SC002','EMP086',NULL,'ACTIVE');
INSERT IGNORE INTO Train VALUES ('TR067','Sundarban Express 67','Intercity','RT024','SC060','EMP009',NULL,'ACTIVE');
INSERT IGNORE INTO Train VALUES ('TR068','Sundarban Express 68','Intercity','RT007','SC037','EMP019',NULL,'ACTIVE');
INSERT IGNORE INTO Train VALUES ('TR069','Mohanagar Express 69','Intercity','RT022','SC092','EMP086',NULL,'ACTIVE');
INSERT IGNORE INTO Train VALUES ('TR070','Sonali Bank Express 70','Express','RT045','SC084','EMP051',NULL,'ACTIVE');
INSERT IGNORE INTO Train VALUES ('TR071','Meghna Express 71','Express','RT097','SC032','EMP096',NULL,'ACTIVE');
INSERT IGNORE INTO Train VALUES ('TR072','Tista Express 72','Express','RT032','SC074','EMP053',NULL,'ACTIVE');
INSERT IGNORE INTO Train VALUES ('TR073','Padma Express 73','Intercity','RT083','SC002','EMP030',NULL,'ACTIVE');
INSERT IGNORE INTO Train VALUES ('TR074','Sonali Bank Express 74','Intercity','RT068','SC017','EMP071',NULL,'ACTIVE');
INSERT IGNORE INTO Train VALUES ('TR075','Parabat Express 75','Express','RT064','SC048','EMP013',NULL,'ACTIVE');
INSERT IGNORE INTO Train VALUES ('TR076','Padma Express 76','Express','RT087','SC009','EMP094',NULL,'ACTIVE');
INSERT IGNORE INTO Train VALUES ('TR077','Tista Express 77','Intercity','RT042','SC072','EMP013',NULL,'ACTIVE');
INSERT IGNORE INTO Train VALUES ('TR078','Sonali Bank Express 78','Express','RT001','SC084','EMP009',NULL,'ACTIVE');
INSERT IGNORE INTO Train VALUES ('TR079','Tista Express 79','Intercity','RT012','SC048','EMP067',NULL,'ACTIVE');
INSERT IGNORE INTO Train VALUES ('TR080','Mohanagar Express 80','Intercity','RT075','SC004','EMP095',NULL,'ACTIVE');
INSERT IGNORE INTO Train VALUES ('TR081','Sonali Bank Express 81','Intercity','RT009','SC025','EMP002',NULL,'ACTIVE');
INSERT IGNORE INTO Train VALUES ('TR082','Sundarban Express 82','Express','RT046','SC022','EMP043',NULL,'ACTIVE');
INSERT IGNORE INTO Train VALUES ('TR083','Padma Express 83','Intercity','RT042','SC024','EMP018',NULL,'ACTIVE');
INSERT IGNORE INTO Train VALUES ('TR084','Suborno Express 84','Express','RT029','SC019','EMP037',NULL,'ACTIVE');
INSERT IGNORE INTO Train VALUES ('TR085','Silk City Express 85','Intercity','RT009','SC013','EMP071',NULL,'ACTIVE');
INSERT IGNORE INTO Train VALUES ('TR086','Padma Express 86','Express','RT084','SC084','EMP054',NULL,'ACTIVE');
INSERT IGNORE INTO Train VALUES ('TR087','Padma Express 87','Intercity','RT043','SC034','EMP053',NULL,'ACTIVE');
INSERT IGNORE INTO Train VALUES ('TR088','Padma Express 88','Express','RT069','SC030','EMP032',NULL,'ACTIVE');
INSERT IGNORE INTO Train VALUES ('TR089','Sonali Bank Express 89','Express','RT048','SC075','EMP002',NULL,'ACTIVE');
INSERT IGNORE INTO Train VALUES ('TR090','Suborno Express 90','Express','RT070','SC008','EMP012',NULL,'ACTIVE');
INSERT IGNORE INTO Train VALUES ('TR091','Tista Express 91','Express','RT080','SC048','EMP025',NULL,'MAINTENANCE');
INSERT IGNORE INTO Train VALUES ('TR092','Silk City Express 92','Express','RT012','SC078','EMP059',NULL,'ACTIVE');
INSERT IGNORE INTO Train VALUES ('TR093','Tista Express 93','Express','RT046','SC049','EMP069',NULL,'ACTIVE');
INSERT IGNORE INTO Train VALUES ('TR094','Meghna Express 94','Intercity','RT031','SC017','EMP063',NULL,'MAINTENANCE');
INSERT IGNORE INTO Train VALUES ('TR095','Padma Express 95','Express','RT075','SC022','EMP015',NULL,'ACTIVE');
INSERT IGNORE INTO Train VALUES ('TR096','Jamuna Express 96','Express','RT043','SC094','EMP032',NULL,'ACTIVE');
INSERT IGNORE INTO Train VALUES ('TR097','Tista Express 97','Intercity','RT004','SC089','EMP005',NULL,'ACTIVE');
INSERT IGNORE INTO Train VALUES ('TR098','Tista Express 98','Intercity','RT048','SC039','EMP042',NULL,'ACTIVE');
INSERT IGNORE INTO Train VALUES ('TR099','Suborno Express 99','Intercity','RT008','SC006','EMP044',NULL,'ACTIVE');
INSERT IGNORE INTO Train VALUES ('TR100','Sonali Bank Express 100','Express','RT068','SC016','EMP011',NULL,'ACTIVE');

-- Coaches
INSERT IGNORE INTO Coach VALUES ('CO001','TR048','First Class',94);
INSERT IGNORE INTO Coach VALUES ('CO002','TR086','AC',67);
INSERT IGNORE INTO Coach VALUES ('CO003','TR036','Second Class',59);
INSERT IGNORE INTO Coach VALUES ('CO004','TR046','Second Class',72);
INSERT IGNORE INTO Coach VALUES ('CO005','TR044','First Class',49);
INSERT IGNORE INTO Coach VALUES ('CO006','TR096','Sleeper',67);
INSERT IGNORE INTO Coach VALUES ('CO007','TR014','AC',77);
INSERT IGNORE INTO Coach VALUES ('CO008','TR087','Second Class',98);
INSERT IGNORE INTO Coach VALUES ('CO009','TR071','Non-AC',62);
INSERT IGNORE INTO Coach VALUES ('CO010','TR061','Sleeper',44);
INSERT IGNORE INTO Coach VALUES ('CO011','TR073','Non-AC',74);
INSERT IGNORE INTO Coach VALUES ('CO012','TR048','Sleeper',80);
INSERT IGNORE INTO Coach VALUES ('CO013','TR020','Second Class',52);
INSERT IGNORE INTO Coach VALUES ('CO014','TR040','Sleeper',55);
INSERT IGNORE INTO Coach VALUES ('CO015','TR096','First Class',95);
INSERT IGNORE INTO Coach VALUES ('CO016','TR029','Non-AC',100);
INSERT IGNORE INTO Coach VALUES ('CO017','TR089','First Class',81);
INSERT IGNORE INTO Coach VALUES ('CO018','TR046','Second Class',42);
INSERT IGNORE INTO Coach VALUES ('CO019','TR009','Sleeper',86);
INSERT IGNORE INTO Coach VALUES ('CO020','TR032','First Class',90);
INSERT IGNORE INTO Coach VALUES ('CO021','TR081','Non-AC',68);
INSERT IGNORE INTO Coach VALUES ('CO022','TR057','AC',95);
INSERT IGNORE INTO Coach VALUES ('CO023','TR096','AC',95);
INSERT IGNORE INTO Coach VALUES ('CO024','TR053','Sleeper',68);
INSERT IGNORE INTO Coach VALUES ('CO025','TR015','Sleeper',50);
INSERT IGNORE INTO Coach VALUES ('CO026','TR070','AC',46);
INSERT IGNORE INTO Coach VALUES ('CO027','TR095','Second Class',75);
INSERT IGNORE INTO Coach VALUES ('CO028','TR091','AC',86);
INSERT IGNORE INTO Coach VALUES ('CO029','TR023','Sleeper',66);
INSERT IGNORE INTO Coach VALUES ('CO030','TR052','First Class',51);
INSERT IGNORE INTO Coach VALUES ('CO031','TR068','Non-AC',82);
INSERT IGNORE INTO Coach VALUES ('CO032','TR064','Second Class',92);
INSERT IGNORE INTO Coach VALUES ('CO033','TR092','Second Class',78);
INSERT IGNORE INTO Coach VALUES ('CO034','TR046','Second Class',91);
INSERT IGNORE INTO Coach VALUES ('CO035','TR067','Second Class',89);
INSERT IGNORE INTO Coach VALUES ('CO036','TR002','AC',81);
INSERT IGNORE INTO Coach VALUES ('CO037','TR048','AC',71);
INSERT IGNORE INTO Coach VALUES ('CO038','TR040','First Class',83);
INSERT IGNORE INTO Coach VALUES ('CO039','TR054','First Class',54);
INSERT IGNORE INTO Coach VALUES ('CO040','TR026','Second Class',62);
INSERT IGNORE INTO Coach VALUES ('CO041','TR039','Sleeper',96);
INSERT IGNORE INTO Coach VALUES ('CO042','TR034','Non-AC',70);
INSERT IGNORE INTO Coach VALUES ('CO043','TR069','Second Class',51);
INSERT IGNORE INTO Coach VALUES ('CO044','TR081','AC',92);
INSERT IGNORE INTO Coach VALUES ('CO045','TR074','Second Class',75);
INSERT IGNORE INTO Coach VALUES ('CO046','TR001','Sleeper',84);
INSERT IGNORE INTO Coach VALUES ('CO047','TR063','Sleeper',94);
INSERT IGNORE INTO Coach VALUES ('CO048','TR060','Non-AC',41);
INSERT IGNORE INTO Coach VALUES ('CO049','TR028','Second Class',81);
INSERT IGNORE INTO Coach VALUES ('CO050','TR062','Sleeper',95);
INSERT IGNORE INTO Coach VALUES ('CO051','TR031','Non-AC',54);
INSERT IGNORE INTO Coach VALUES ('CO052','TR030','Non-AC',57);
INSERT IGNORE INTO Coach VALUES ('CO053','TR037','AC',73);
INSERT IGNORE INTO Coach VALUES ('CO054','TR042','Sleeper',61);
INSERT IGNORE INTO Coach VALUES ('CO055','TR015','Non-AC',56);
INSERT IGNORE INTO Coach VALUES ('CO056','TR074','Sleeper',61);
INSERT IGNORE INTO Coach VALUES ('CO057','TR064','AC',67);
INSERT IGNORE INTO Coach VALUES ('CO058','TR098','Non-AC',64);
INSERT IGNORE INTO Coach VALUES ('CO059','TR091','First Class',42);
INSERT IGNORE INTO Coach VALUES ('CO060','TR011','Non-AC',50);
INSERT IGNORE INTO Coach VALUES ('CO061','TR063','Second Class',84);
INSERT IGNORE INTO Coach VALUES ('CO062','TR067','Second Class',76);
INSERT IGNORE INTO Coach VALUES ('CO063','TR089','Second Class',87);
INSERT IGNORE INTO Coach VALUES ('CO064','TR058','Second Class',89);
INSERT IGNORE INTO Coach VALUES ('CO065','TR094','Second Class',86);
INSERT IGNORE INTO Coach VALUES ('CO066','TR064','Non-AC',62);
INSERT IGNORE INTO Coach VALUES ('CO067','TR012','Second Class',87);
INSERT IGNORE INTO Coach VALUES ('CO068','TR079','AC',57);
INSERT IGNORE INTO Coach VALUES ('CO069','TR041','Sleeper',85);
INSERT IGNORE INTO Coach VALUES ('CO070','TR096','Sleeper',82);
INSERT IGNORE INTO Coach VALUES ('CO071','TR006','Sleeper',76);
INSERT IGNORE INTO Coach VALUES ('CO072','TR079','First Class',89);
INSERT IGNORE INTO Coach VALUES ('CO073','TR045','First Class',50);
INSERT IGNORE INTO Coach VALUES ('CO074','TR065','Second Class',54);
INSERT IGNORE INTO Coach VALUES ('CO075','TR046','AC',97);
INSERT IGNORE INTO Coach VALUES ('CO076','TR010','First Class',41);
INSERT IGNORE INTO Coach VALUES ('CO077','TR031','Sleeper',72);
INSERT IGNORE INTO Coach VALUES ('CO078','TR049','Second Class',76);
INSERT IGNORE INTO Coach VALUES ('CO079','TR070','AC',70);
INSERT IGNORE INTO Coach VALUES ('CO080','TR023','Second Class',72);
INSERT IGNORE INTO Coach VALUES ('CO081','TR001','Second Class',60);
INSERT IGNORE INTO Coach VALUES ('CO082','TR056','Second Class',68);
INSERT IGNORE INTO Coach VALUES ('CO083','TR041','Second Class',66);
INSERT IGNORE INTO Coach VALUES ('CO084','TR072','Non-AC',98);
INSERT IGNORE INTO Coach VALUES ('CO085','TR059','Second Class',43);
INSERT IGNORE INTO Coach VALUES ('CO086','TR030','First Class',97);
INSERT IGNORE INTO Coach VALUES ('CO087','TR010','First Class',70);
INSERT IGNORE INTO Coach VALUES ('CO088','TR053','Sleeper',84);
INSERT IGNORE INTO Coach VALUES ('CO089','TR051','Second Class',42);
INSERT IGNORE INTO Coach VALUES ('CO090','TR037','Non-AC',80);
INSERT IGNORE INTO Coach VALUES ('CO091','TR048','First Class',70);
INSERT IGNORE INTO Coach VALUES ('CO092','TR014','Sleeper',82);
INSERT IGNORE INTO Coach VALUES ('CO093','TR021','Second Class',98);
INSERT IGNORE INTO Coach VALUES ('CO094','TR039','Second Class',70);
INSERT IGNORE INTO Coach VALUES ('CO095','TR096','First Class',99);
INSERT IGNORE INTO Coach VALUES ('CO096','TR014','Sleeper',84);
INSERT IGNORE INTO Coach VALUES ('CO097','TR023','Non-AC',56);
INSERT IGNORE INTO Coach VALUES ('CO098','TR091','Non-AC',89);
INSERT IGNORE INTO Coach VALUES ('CO099','TR007','First Class',43);
INSERT IGNORE INTO Coach VALUES ('CO100','TR004','First Class',45);

-- Passengers
INSERT IGNORE INTO Passenger VALUES ('PS001','Hasan','Islam','Female','01831090528','1996-11-05');
INSERT IGNORE INTO Passenger VALUES ('PS002','Kamal','Haque','Female','01850842412','1976-08-09');
INSERT IGNORE INTO Passenger VALUES ('PS003','Kamal','Haque','Female','01835708381','2002-12-13');
INSERT IGNORE INTO Passenger VALUES ('PS004','Nurul','Haque','Female','01821980462','2008-01-29');
INSERT IGNORE INTO Passenger VALUES ('PS005','Kamal','Sikder','Female','01864225925','1992-06-28');
INSERT IGNORE INTO Passenger VALUES ('PS006','Rahim','Khan','Female','01815787884','2006-10-25');
INSERT IGNORE INTO Passenger VALUES ('PS007','Kamal','Ahmed','Female','01896761467','2002-03-19');
INSERT IGNORE INTO Passenger VALUES ('PS008','Amin','Khan','Female','01879082631','1985-04-12');
INSERT IGNORE INTO Passenger VALUES ('PS009','Tania','Khatun','Male','01834399418','1975-02-10');
INSERT IGNORE INTO Passenger VALUES ('PS010','Rahim','Uddin','Male','01830492124','1976-04-30');
INSERT IGNORE INTO Passenger VALUES ('PS011','Ayesha','Khatun','Male','01881742341','1983-10-18');
INSERT IGNORE INTO Passenger VALUES ('PS012','Rahim','Uddin','Male','01821179863','1995-05-30');
INSERT IGNORE INTO Passenger VALUES ('PS013','Hasan','Ahmed','Male','01816321400','1997-05-23');
INSERT IGNORE INTO Passenger VALUES ('PS014','Shahid','Rahman','Female','01839615671','1992-07-24');
INSERT IGNORE INTO Passenger VALUES ('PS015','Mizan','Roy','Female','01825746556','1998-10-20');
INSERT IGNORE INTO Passenger VALUES ('PS016','Kamal','Roy','Female','01824214056','2003-01-08');
INSERT IGNORE INTO Passenger VALUES ('PS017','Rafiq','Chowdhury','Male','01823065710','1978-12-13');
INSERT IGNORE INTO Passenger VALUES ('PS018','Nadia','Haque','Female','01850527811','1974-06-03');
INSERT IGNORE INTO Passenger VALUES ('PS019','Sumaiya','Talukder','Female','01851453623','1990-09-01');
INSERT IGNORE INTO Passenger VALUES ('PS020','Jamal','Ali','Female','01848603397','1997-01-27');
INSERT IGNORE INTO Passenger VALUES ('PS021','Amin','Sikder','Male','01853998454','2007-07-23');
INSERT IGNORE INTO Passenger VALUES ('PS022','Karim','Miah','Female','01879623940','1996-02-09');
INSERT IGNORE INTO Passenger VALUES ('PS023','Rahim','Uddin','Female','01874722348','1988-03-08');
INSERT IGNORE INTO Passenger VALUES ('PS024','Hasan','Roy','Male','01871874475','1976-07-13');
INSERT IGNORE INTO Passenger VALUES ('PS025','Nurul','Ahmed','Male','01866038609','2003-10-14');
INSERT IGNORE INTO Passenger VALUES ('PS026','Sumaiya','Sikder','Male','01824547071','1976-09-22');
INSERT IGNORE INTO Passenger VALUES ('PS027','Karim','Rahman','Female','01874272098','1976-05-07');
INSERT IGNORE INTO Passenger VALUES ('PS028','Ayesha','Hossain','Male','01867901058','2001-06-01');
INSERT IGNORE INTO Passenger VALUES ('PS029','Hasan','Uddin','Female','01836976184','2008-07-01');
INSERT IGNORE INTO Passenger VALUES ('PS030','Hasan','Khatun','Male','01857517435','1981-11-11');
INSERT IGNORE INTO Passenger VALUES ('PS031','Karim','Haque','Male','01867990235','1976-01-11');
INSERT IGNORE INTO Passenger VALUES ('PS032','Nadia','Sikder','Female','01844500422','1980-04-16');
INSERT IGNORE INTO Passenger VALUES ('PS033','Mizan','Hossain','Male','01837173334','1982-03-13');
INSERT IGNORE INTO Passenger VALUES ('PS034','Rahim','Khan','Male','01873375395','1974-12-19');
INSERT IGNORE INTO Passenger VALUES ('PS035','Tania','Khatun','Female','01817862660','1973-04-16');
INSERT IGNORE INTO Passenger VALUES ('PS036','Nadia','Khan','Male','01836440730','1999-12-07');
INSERT IGNORE INTO Passenger VALUES ('PS037','Rafiq','Roy','Female','01872315091','1971-11-13');
INSERT IGNORE INTO Passenger VALUES ('PS038','Fatema','Roy','Female','01855798050','1994-04-06');
INSERT IGNORE INTO Passenger VALUES ('PS039','Fatema','Haque','Female','01877978506','1978-07-21');
INSERT IGNORE INTO Passenger VALUES ('PS040','Nadia','Miah','Female','01811350090','1982-04-20');
INSERT IGNORE INTO Passenger VALUES ('PS041','Nurul','Uddin','Female','01877253955','1988-09-08');
INSERT IGNORE INTO Passenger VALUES ('PS042','Jamal','Chowdhury','Male','01850348515','1994-11-15');
INSERT IGNORE INTO Passenger VALUES ('PS043','Ayesha','Sikder','Male','01819899231','1981-06-27');
INSERT IGNORE INTO Passenger VALUES ('PS044','Fatema','Miah','Female','01850773034','1991-06-12');
INSERT IGNORE INTO Passenger VALUES ('PS045','Rafiq','Talukder','Male','01844432585','1995-06-27');
INSERT IGNORE INTO Passenger VALUES ('PS046','Rahim','Chowdhury','Female','01812020416','2001-10-09');
INSERT IGNORE INTO Passenger VALUES ('PS047','Fatema','Khatun','Male','01812435064','1985-04-10');
INSERT IGNORE INTO Passenger VALUES ('PS048','Amin','Uddin','Female','01870141372','1990-10-16');
INSERT IGNORE INTO Passenger VALUES ('PS049','Rafiq','Khatun','Male','01823029068','2001-11-19');
INSERT IGNORE INTO Passenger VALUES ('PS050','Shahid','Chowdhury','Female','01845038200','2001-08-16');
INSERT IGNORE INTO Passenger VALUES ('PS051','Rafiq','Hossain','Male','01849409785','1986-05-12');
INSERT IGNORE INTO Passenger VALUES ('PS052','Nurul','Khatun','Male','01844971244','1997-01-02');
INSERT IGNORE INTO Passenger VALUES ('PS053','Jamal','Roy','Female','01834744257','1999-02-26');
INSERT IGNORE INTO Passenger VALUES ('PS054','Jamal','Uddin','Male','01875435476','1976-12-04');
INSERT IGNORE INTO Passenger VALUES ('PS055','Rafiq','Talukder','Male','01890951353','1979-06-19');
INSERT IGNORE INTO Passenger VALUES ('PS056','Rafiq','Hossain','Male','01825947486','2007-01-13');
INSERT IGNORE INTO Passenger VALUES ('PS057','Kamal','Khan','Female','01897856131','2004-06-24');
INSERT IGNORE INTO Passenger VALUES ('PS058','Rafiq','Khan','Male','01890801109','2000-04-17');
INSERT IGNORE INTO Passenger VALUES ('PS059','Rafiq','Miah','Female','01873769617','1993-12-01');
INSERT IGNORE INTO Passenger VALUES ('PS060','Fatema','Roy','Female','01827958681','2002-09-22');
INSERT IGNORE INTO Passenger VALUES ('PS061','Tania','Khan','Male','01856649400','2003-02-15');
INSERT IGNORE INTO Passenger VALUES ('PS062','Nadia','Haque','Female','01854505752','2003-11-27');
INSERT IGNORE INTO Passenger VALUES ('PS063','Tania','Talukder','Male','01844357227','1992-02-12');
INSERT IGNORE INTO Passenger VALUES ('PS064','Amin','Rahman','Female','01831300330','1997-05-29');
INSERT IGNORE INTO Passenger VALUES ('PS065','Rahim','Khatun','Male','01834641416','1995-08-21');
INSERT IGNORE INTO Passenger VALUES ('PS066','Karim','Chowdhury','Female','01871529753','1981-03-25');
INSERT IGNORE INTO Passenger VALUES ('PS067','Ayesha','Miah','Male','01829586970','1980-09-06');
INSERT IGNORE INTO Passenger VALUES ('PS068','Jamal','Islam','Female','01820455773','1980-08-13');
INSERT IGNORE INTO Passenger VALUES ('PS069','Nurul','Miah','Male','01870752589','1978-04-06');
INSERT IGNORE INTO Passenger VALUES ('PS070','Jamal','Haque','Female','01869497642','1997-05-18');
INSERT IGNORE INTO Passenger VALUES ('PS071','Nurul','Khatun','Male','01825065621','2009-03-10');
INSERT IGNORE INTO Passenger VALUES ('PS072','Fatema','Uddin','Female','01844066227','1994-05-24');
INSERT IGNORE INTO Passenger VALUES ('PS073','Karim','Islam','Female','01810478269','2001-05-27');
INSERT IGNORE INTO Passenger VALUES ('PS074','Shahid','Sikder','Male','01812196351','1972-06-01');
INSERT IGNORE INTO Passenger VALUES ('PS075','Nurul','Hossain','Male','01889630762','1987-12-20');
INSERT IGNORE INTO Passenger VALUES ('PS076','Nadia','Hossain','Male','01828608399','2002-09-17');
INSERT IGNORE INTO Passenger VALUES ('PS077','Amin','Khatun','Female','01834139736','1983-02-13');
INSERT IGNORE INTO Passenger VALUES ('PS078','Kamal','Miah','Female','01889495157','1996-05-17');
INSERT IGNORE INTO Passenger VALUES ('PS079','Jamal','Ahmed','Female','01855796360','2008-10-07');
INSERT IGNORE INTO Passenger VALUES ('PS080','Kamal','Roy','Female','01825078503','2006-06-09');
INSERT IGNORE INTO Passenger VALUES ('PS081','Kamal','Uddin','Female','01815503840','1992-11-29');
INSERT IGNORE INTO Passenger VALUES ('PS082','Shahid','Islam','Male','01810566790','1998-10-13');
INSERT IGNORE INTO Passenger VALUES ('PS083','Hasan','Haque','Female','01892907796','2001-03-03');
INSERT IGNORE INTO Passenger VALUES ('PS084','Fatema','Talukder','Female','01812940275','1984-09-03');
INSERT IGNORE INTO Passenger VALUES ('PS085','Shahid','Rahman','Female','01895658621','1991-10-31');
INSERT IGNORE INTO Passenger VALUES ('PS086','Shahid','Sikder','Male','01892791052','1983-06-04');
INSERT IGNORE INTO Passenger VALUES ('PS087','Fatema','Miah','Male','01819934131','1977-09-23');
INSERT IGNORE INTO Passenger VALUES ('PS088','Nurul','Khatun','Female','01894763938','2007-12-09');
INSERT IGNORE INTO Passenger VALUES ('PS089','Rafiq','Hossain','Male','01890516874','1992-08-02');
INSERT IGNORE INTO Passenger VALUES ('PS090','Fatema','Khan','Male','01894480080','2005-05-08');
INSERT IGNORE INTO Passenger VALUES ('PS091','Karim','Haque','Female','01854786200','1988-06-06');
INSERT IGNORE INTO Passenger VALUES ('PS092','Nurul','Ali','Male','01833766926','1995-10-10');
INSERT IGNORE INTO Passenger VALUES ('PS093','Amin','Rahman','Female','01879651284','1977-05-15');
INSERT IGNORE INTO Passenger VALUES ('PS094','Rafiq','Islam','Female','01881037456','2003-11-14');
INSERT IGNORE INTO Passenger VALUES ('PS095','Jamal','Haque','Female','01819479927','1987-11-25');
INSERT IGNORE INTO Passenger VALUES ('PS096','Ayesha','Roy','Female','01858614778','2007-02-27');
INSERT IGNORE INTO Passenger VALUES ('PS097','Karim','Ahmed','Male','01859766890','1996-08-24');
INSERT IGNORE INTO Passenger VALUES ('PS098','Rahim','Chowdhury','Male','01819818426','2002-11-29');
INSERT IGNORE INTO Passenger VALUES ('PS099','Jamal','Miah','Female','01833808455','1991-10-06');
INSERT IGNORE INTO Passenger VALUES ('PS100','Karim','Sikder','Female','01892435196','1976-06-01');

-- Payments
INSERT IGNORE INTO Payment VALUES ('PY001',1700,'bKash','PAID',NOW());
INSERT IGNORE INTO Payment VALUES ('PY002',1600,'Card','PAID',NOW());
INSERT IGNORE INTO Payment VALUES ('PY003',1600,'Card','PAID',NOW());
INSERT IGNORE INTO Payment VALUES ('PY004',1600,'Rocket','PAID',NOW());
INSERT IGNORE INTO Payment VALUES ('PY005',1700,'Card','PAID',NOW());
INSERT IGNORE INTO Payment VALUES ('PY006',400,'Card','PAID',NOW());
INSERT IGNORE INTO Payment VALUES ('PY007',700,'Card','PAID',NOW());
INSERT IGNORE INTO Payment VALUES ('PY008',2000,'Card','PAID',NOW());
INSERT IGNORE INTO Payment VALUES ('PY009',2200,'Cash','PAID',NOW());
INSERT IGNORE INTO Payment VALUES ('PY010',1400,'Rocket','PAID',NOW());
INSERT IGNORE INTO Payment VALUES ('PY011',2000,'Nagad','PAID',NOW());
INSERT IGNORE INTO Payment VALUES ('PY012',1300,'Cash','PAID',NOW());
INSERT IGNORE INTO Payment VALUES ('PY013',2200,'Rocket','PAID',NOW());
INSERT IGNORE INTO Payment VALUES ('PY014',1800,'Nagad','PAID',NOW());
INSERT IGNORE INTO Payment VALUES ('PY015',1500,'Rocket','PAID',NOW());
INSERT IGNORE INTO Payment VALUES ('PY016',300,'bKash','PAID',NOW());
INSERT IGNORE INTO Payment VALUES ('PY017',1000,'Rocket','PAID',NOW());
INSERT IGNORE INTO Payment VALUES ('PY018',1600,'Cash','PAID',NOW());
INSERT IGNORE INTO Payment VALUES ('PY019',2500,'Cash','PAID',NOW());
INSERT IGNORE INTO Payment VALUES ('PY020',1800,'Cash','PAID',NOW());
INSERT IGNORE INTO Payment VALUES ('PY021',2000,'Card','PAID',NOW());
INSERT IGNORE INTO Payment VALUES ('PY022',1100,'Cash','PAID',NOW());
INSERT IGNORE INTO Payment VALUES ('PY023',500,'bKash','PAID',NOW());
INSERT IGNORE INTO Payment VALUES ('PY024',2500,'Rocket','PAID',NOW());
INSERT IGNORE INTO Payment VALUES ('PY025',1300,'Cash','PAID',NOW());
INSERT IGNORE INTO Payment VALUES ('PY026',1000,'Nagad','PAID',NOW());
INSERT IGNORE INTO Payment VALUES ('PY027',1100,'Card','PAID',NOW());
INSERT IGNORE INTO Payment VALUES ('PY028',1200,'Nagad','PAID',NOW());
INSERT IGNORE INTO Payment VALUES ('PY029',800,'bKash','PAID',NOW());
INSERT IGNORE INTO Payment VALUES ('PY030',1600,'Rocket','PAID',NOW());
INSERT IGNORE INTO Payment VALUES ('PY031',1300,'Rocket','PAID',NOW());
INSERT IGNORE INTO Payment VALUES ('PY032',2500,'Rocket','PAID',NOW());
INSERT IGNORE INTO Payment VALUES ('PY033',2000,'Card','PAID',NOW());
INSERT IGNORE INTO Payment VALUES ('PY034',900,'Card','PAID',NOW());
INSERT IGNORE INTO Payment VALUES ('PY035',300,'Card','PAID',NOW());
INSERT IGNORE INTO Payment VALUES ('PY036',400,'bKash','PAID',NOW());
INSERT IGNORE INTO Payment VALUES ('PY037',2200,'bKash','PAID',NOW());
INSERT IGNORE INTO Payment VALUES ('PY038',2200,'Nagad','PAID',NOW());
INSERT IGNORE INTO Payment VALUES ('PY039',2100,'bKash','PAID',NOW());
INSERT IGNORE INTO Payment VALUES ('PY040',900,'Card','PAID',NOW());
INSERT IGNORE INTO Payment VALUES ('PY041',1400,'Card','PAID',NOW());
INSERT IGNORE INTO Payment VALUES ('PY042',1500,'Nagad','PAID',NOW());
INSERT IGNORE INTO Payment VALUES ('PY043',900,'Nagad','PAID',NOW());
INSERT IGNORE INTO Payment VALUES ('PY044',700,'Card','PAID',NOW());
INSERT IGNORE INTO Payment VALUES ('PY045',700,'Cash','PAID',NOW());
INSERT IGNORE INTO Payment VALUES ('PY046',2300,'bKash','PAID',NOW());
INSERT IGNORE INTO Payment VALUES ('PY047',1700,'Rocket','PAID',NOW());
INSERT IGNORE INTO Payment VALUES ('PY048',400,'bKash','PAID',NOW());
INSERT IGNORE INTO Payment VALUES ('PY049',1500,'Card','PENDING',NOW());
INSERT IGNORE INTO Payment VALUES ('PY050',900,'Cash','PAID',NOW());
INSERT IGNORE INTO Payment VALUES ('PY051',700,'Card','PAID',NOW());
INSERT IGNORE INTO Payment VALUES ('PY052',2100,'Card','PAID',NOW());
INSERT IGNORE INTO Payment VALUES ('PY053',2200,'Rocket','PAID',NOW());
INSERT IGNORE INTO Payment VALUES ('PY054',1500,'bKash','PAID',NOW());
INSERT IGNORE INTO Payment VALUES ('PY055',2100,'Rocket','PAID',NOW());
INSERT IGNORE INTO Payment VALUES ('PY056',1300,'Cash','PAID',NOW());
INSERT IGNORE INTO Payment VALUES ('PY057',1600,'bKash','PAID',NOW());
INSERT IGNORE INTO Payment VALUES ('PY058',1800,'Cash','PAID',NOW());
INSERT IGNORE INTO Payment VALUES ('PY059',1200,'Nagad','PAID',NOW());
INSERT IGNORE INTO Payment VALUES ('PY060',2000,'Nagad','PAID',NOW());
INSERT IGNORE INTO Payment VALUES ('PY061',2400,'bKash','PAID',NOW());
INSERT IGNORE INTO Payment VALUES ('PY062',900,'bKash','PAID',NOW());
INSERT IGNORE INTO Payment VALUES ('PY063',1200,'Cash','PAID',NOW());
INSERT IGNORE INTO Payment VALUES ('PY064',400,'Card','PAID',NOW());
INSERT IGNORE INTO Payment VALUES ('PY065',800,'Cash','PAID',NOW());
INSERT IGNORE INTO Payment VALUES ('PY066',300,'Rocket','PAID',NOW());
INSERT IGNORE INTO Payment VALUES ('PY067',1300,'Card','PAID',NOW());
INSERT IGNORE INTO Payment VALUES ('PY068',2400,'bKash','PAID',NOW());
INSERT IGNORE INTO Payment VALUES ('PY069',2300,'bKash','PAID',NOW());
INSERT IGNORE INTO Payment VALUES ('PY070',2500,'Nagad','PAID',NOW());
INSERT IGNORE INTO Payment VALUES ('PY071',2500,'Nagad','PAID',NOW());
INSERT IGNORE INTO Payment VALUES ('PY072',500,'Nagad','PAID',NOW());
INSERT IGNORE INTO Payment VALUES ('PY073',1000,'Rocket','PAID',NOW());
INSERT IGNORE INTO Payment VALUES ('PY074',1200,'Rocket','PAID',NOW());
INSERT IGNORE INTO Payment VALUES ('PY075',1400,'Rocket','PAID',NOW());
INSERT IGNORE INTO Payment VALUES ('PY076',1500,'Card','PAID',NOW());
INSERT IGNORE INTO Payment VALUES ('PY077',400,'Cash','PAID',NOW());
INSERT IGNORE INTO Payment VALUES ('PY078',2200,'Nagad','PAID',NOW());
INSERT IGNORE INTO Payment VALUES ('PY079',1100,'Card','PAID',NOW());
INSERT IGNORE INTO Payment VALUES ('PY080',500,'Cash','PAID',NOW());
INSERT IGNORE INTO Payment VALUES ('PY081',1700,'bKash','PAID',NOW());
INSERT IGNORE INTO Payment VALUES ('PY082',1100,'Cash','PAID',NOW());
INSERT IGNORE INTO Payment VALUES ('PY083',1000,'bKash','PAID',NOW());
INSERT IGNORE INTO Payment VALUES ('PY084',1200,'Nagad','PAID',NOW());
INSERT IGNORE INTO Payment VALUES ('PY085',1300,'bKash','PAID',NOW());
INSERT IGNORE INTO Payment VALUES ('PY086',1300,'Nagad','PAID',NOW());
INSERT IGNORE INTO Payment VALUES ('PY087',1200,'Nagad','PAID',NOW());
INSERT IGNORE INTO Payment VALUES ('PY088',1600,'Nagad','PAID',NOW());
INSERT IGNORE INTO Payment VALUES ('PY089',2200,'Nagad','PAID',NOW());
INSERT IGNORE INTO Payment VALUES ('PY090',2200,'Card','PENDING',NOW());
INSERT IGNORE INTO Payment VALUES ('PY091',1100,'Cash','PAID',NOW());
INSERT IGNORE INTO Payment VALUES ('PY092',2100,'Card','PAID',NOW());
INSERT IGNORE INTO Payment VALUES ('PY093',2100,'bKash','PAID',NOW());
INSERT IGNORE INTO Payment VALUES ('PY094',600,'Nagad','PAID',NOW());
INSERT IGNORE INTO Payment VALUES ('PY095',1300,'Card','PAID',NOW());
INSERT IGNORE INTO Payment VALUES ('PY096',2400,'bKash','PAID',NOW());
INSERT IGNORE INTO Payment VALUES ('PY097',500,'Rocket','PAID',NOW());
INSERT IGNORE INTO Payment VALUES ('PY098',500,'Rocket','PAID',NOW());
INSERT IGNORE INTO Payment VALUES ('PY099',900,'Nagad','PAID',NOW());
INSERT IGNORE INTO Payment VALUES ('PY100',1100,'Cash','PAID',NOW());

-- Bookings
INSERT IGNORE INTO Booking VALUES ('BK001','PS095','TR073','CO090',76,'PY001',NOW(),'2026-04-19');
INSERT IGNORE INTO Booking VALUES ('BK002','PS039','TR079','CO022',41,'PY002',NOW(),'2026-04-19');
INSERT IGNORE INTO Booking VALUES ('BK003','PS100','TR017','CO051',57,'PY003',NOW(),'2026-04-19');
INSERT IGNORE INTO Booking VALUES ('BK004','PS059','TR013','CO065',13,'PY004',NOW(),'2026-04-19');
INSERT IGNORE INTO Booking VALUES ('BK005','PS086','TR035','CO006',2,'PY005',NOW(),'2026-04-19');
INSERT IGNORE INTO Booking VALUES ('BK006','PS031','TR009','CO037',5,'PY006',NOW(),'2026-04-19');
INSERT IGNORE INTO Booking VALUES ('BK007','PS064','TR035','CO011',33,'PY007',NOW(),'2026-04-19');
INSERT IGNORE INTO Booking VALUES ('BK008','PS065','TR027','CO062',52,'PY008',NOW(),'2026-04-19');
INSERT IGNORE INTO Booking VALUES ('BK009','PS026','TR073','CO068',58,'PY009',NOW(),'2026-04-19');
INSERT IGNORE INTO Booking VALUES ('BK010','PS086','TR100','CO099',57,'PY010',NOW(),'2026-04-19');
INSERT IGNORE INTO Booking VALUES ('BK011','PS032','TR068','CO018',27,'PY011',NOW(),'2026-04-19');
INSERT IGNORE INTO Booking VALUES ('BK012','PS005','TR009','CO086',76,'PY012',NOW(),'2026-04-19');
INSERT IGNORE INTO Booking VALUES ('BK013','PS040','TR026','CO032',70,'PY013',NOW(),'2026-04-19');
INSERT IGNORE INTO Booking VALUES ('BK014','PS077','TR026','CO069',53,'PY014',NOW(),'2026-04-19');
INSERT IGNORE INTO Booking VALUES ('BK015','PS017','TR075','CO031',53,'PY015',NOW(),'2026-04-19');
INSERT IGNORE INTO Booking VALUES ('BK016','PS072','TR048','CO086',37,'PY016',NOW(),'2026-04-19');
INSERT IGNORE INTO Booking VALUES ('BK017','PS001','TR060','CO080',4,'PY017',NOW(),'2026-04-19');
INSERT IGNORE INTO Booking VALUES ('BK018','PS063','TR079','CO031',8,'PY018',NOW(),'2026-04-19');
INSERT IGNORE INTO Booking VALUES ('BK019','PS053','TR085','CO016',1,'PY019',NOW(),'2026-04-19');
INSERT IGNORE INTO Booking VALUES ('BK020','PS076','TR009','CO065',58,'PY020',NOW(),'2026-04-19');
INSERT IGNORE INTO Booking VALUES ('BK021','PS015','TR068','CO060',63,'PY021',NOW(),'2026-04-19');
INSERT IGNORE INTO Booking VALUES ('BK022','PS084','TR085','CO019',42,'PY022',NOW(),'2026-04-19');
INSERT IGNORE INTO Booking VALUES ('BK023','PS045','TR040','CO010',22,'PY023',NOW(),'2026-04-19');
INSERT IGNORE INTO Booking VALUES ('BK024','PS070','TR008','CO053',24,'PY024',NOW(),'2026-04-19');
INSERT IGNORE INTO Booking VALUES ('BK025','PS095','TR046','CO097',70,'PY025',NOW(),'2026-04-19');
INSERT IGNORE INTO Booking VALUES ('BK026','PS100','TR060','CO051',48,'PY026',NOW(),'2026-04-19');
INSERT IGNORE INTO Booking VALUES ('BK027','PS066','TR034','CO008',8,'PY027',NOW(),'2026-04-19');
INSERT IGNORE INTO Booking VALUES ('BK028','PS073','TR003','CO095',47,'PY028',NOW(),'2026-04-19');
INSERT IGNORE INTO Booking VALUES ('BK029','PS099','TR082','CO096',24,'PY029',NOW(),'2026-04-19');
INSERT IGNORE INTO Booking VALUES ('BK030','PS001','TR024','CO001',15,'PY030',NOW(),'2026-04-19');
INSERT IGNORE INTO Booking VALUES ('BK031','PS046','TR030','CO072',8,'PY031',NOW(),'2026-04-19');
INSERT IGNORE INTO Booking VALUES ('BK032','PS050','TR062','CO061',73,'PY032',NOW(),'2026-04-19');
INSERT IGNORE INTO Booking VALUES ('BK033','PS018','TR001','CO095',16,'PY033',NOW(),'2026-04-19');
INSERT IGNORE INTO Booking VALUES ('BK034','PS028','TR051','CO056',57,'PY034',NOW(),'2026-04-19');
INSERT IGNORE INTO Booking VALUES ('BK035','PS082','TR057','CO058',14,'PY035',NOW(),'2026-04-19');
INSERT IGNORE INTO Booking VALUES ('BK036','PS056','TR083','CO058',65,'PY036',NOW(),'2026-04-19');
INSERT IGNORE INTO Booking VALUES ('BK037','PS026','TR093','CO056',57,'PY037',NOW(),'2026-04-19');
INSERT IGNORE INTO Booking VALUES ('BK038','PS089','TR093','CO010',42,'PY038',NOW(),'2026-04-19');
INSERT IGNORE INTO Booking VALUES ('BK039','PS069','TR084','CO042',43,'PY039',NOW(),'2026-04-19');
INSERT IGNORE INTO Booking VALUES ('BK040','PS013','TR039','CO095',1,'PY040',NOW(),'2026-04-19');
INSERT IGNORE INTO Booking VALUES ('BK041','PS025','TR011','CO034',80,'PY041',NOW(),'2026-04-19');
INSERT IGNORE INTO Booking VALUES ('BK042','PS084','TR029','CO099',18,'PY042',NOW(),'2026-04-19');
INSERT IGNORE INTO Booking VALUES ('BK043','PS034','TR028','CO099',15,'PY043',NOW(),'2026-04-19');
INSERT IGNORE INTO Booking VALUES ('BK044','PS015','TR063','CO038',15,'PY044',NOW(),'2026-04-19');
INSERT IGNORE INTO Booking VALUES ('BK045','PS045','TR097','CO087',38,'PY045',NOW(),'2026-04-19');
INSERT IGNORE INTO Booking VALUES ('BK046','PS083','TR085','CO050',62,'PY046',NOW(),'2026-04-19');
INSERT IGNORE INTO Booking VALUES ('BK047','PS038','TR047','CO035',35,'PY047',NOW(),'2026-04-19');
INSERT IGNORE INTO Booking VALUES ('BK048','PS003','TR096','CO070',43,'PY048',NOW(),'2026-04-19');
INSERT IGNORE INTO Booking VALUES ('BK049','PS011','TR019','CO084',57,'PY049',NOW(),'2026-04-19');
INSERT IGNORE INTO Booking VALUES ('BK050','PS029','TR002','CO034',58,'PY050',NOW(),'2026-04-19');
INSERT IGNORE INTO Booking VALUES ('BK051','PS051','TR027','CO066',80,'PY051',NOW(),'2026-04-19');
INSERT IGNORE INTO Booking VALUES ('BK052','PS012','TR090','CO054',41,'PY052',NOW(),'2026-04-19');
INSERT IGNORE INTO Booking VALUES ('BK053','PS080','TR018','CO094',36,'PY053',NOW(),'2026-04-19');
INSERT IGNORE INTO Booking VALUES ('BK054','PS069','TR077','CO049',53,'PY054',NOW(),'2026-04-19');
INSERT IGNORE INTO Booking VALUES ('BK055','PS031','TR088','CO032',10,'PY055',NOW(),'2026-04-19');
INSERT IGNORE INTO Booking VALUES ('BK056','PS094','TR042','CO087',70,'PY056',NOW(),'2026-04-19');
INSERT IGNORE INTO Booking VALUES ('BK057','PS050','TR017','CO036',14,'PY057',NOW(),'2026-04-19');
INSERT IGNORE INTO Booking VALUES ('BK058','PS074','TR017','CO007',26,'PY058',NOW(),'2026-04-19');
INSERT IGNORE INTO Booking VALUES ('BK059','PS015','TR009','CO068',40,'PY059',NOW(),'2026-04-19');
INSERT IGNORE INTO Booking VALUES ('BK060','PS084','TR100','CO011',35,'PY060',NOW(),'2026-04-19');
INSERT IGNORE INTO Booking VALUES ('BK061','PS053','TR030','CO080',27,'PY061',NOW(),'2026-04-19');
INSERT IGNORE INTO Booking VALUES ('BK062','PS045','TR070','CO013',54,'PY062',NOW(),'2026-04-19');
INSERT IGNORE INTO Booking VALUES ('BK063','PS037','TR069','CO057',58,'PY063',NOW(),'2026-04-19');
INSERT IGNORE INTO Booking VALUES ('BK064','PS061','TR049','CO068',10,'PY064',NOW(),'2026-04-19');
INSERT IGNORE INTO Booking VALUES ('BK065','PS087','TR091','CO085',1,'PY065',NOW(),'2026-04-19');
INSERT IGNORE INTO Booking VALUES ('BK066','PS050','TR092','CO046',64,'PY066',NOW(),'2026-04-19');
INSERT IGNORE INTO Booking VALUES ('BK067','PS070','TR046','CO073',2,'PY067',NOW(),'2026-04-19');
INSERT IGNORE INTO Booking VALUES ('BK068','PS051','TR039','CO002',37,'PY068',NOW(),'2026-04-19');
INSERT IGNORE INTO Booking VALUES ('BK069','PS068','TR091','CO006',71,'PY069',NOW(),'2026-04-19');
INSERT IGNORE INTO Booking VALUES ('BK070','PS058','TR002','CO089',14,'PY070',NOW(),'2026-04-19');
INSERT IGNORE INTO Booking VALUES ('BK071','PS053','TR081','CO044',47,'PY071',NOW(),'2026-04-19');
INSERT IGNORE INTO Booking VALUES ('BK072','PS039','TR002','CO029',64,'PY072',NOW(),'2026-04-19');
INSERT IGNORE INTO Booking VALUES ('BK073','PS056','TR032','CO069',51,'PY073',NOW(),'2026-04-19');
INSERT IGNORE INTO Booking VALUES ('BK074','PS015','TR100','CO073',75,'PY074',NOW(),'2026-04-19');
INSERT IGNORE INTO Booking VALUES ('BK075','PS083','TR077','CO049',24,'PY075',NOW(),'2026-04-19');
INSERT IGNORE INTO Booking VALUES ('BK076','PS050','TR053','CO082',80,'PY076',NOW(),'2026-04-19');
INSERT IGNORE INTO Booking VALUES ('BK077','PS007','TR042','CO080',76,'PY077',NOW(),'2026-04-19');
INSERT IGNORE INTO Booking VALUES ('BK078','PS085','TR033','CO083',27,'PY078',NOW(),'2026-04-19');
INSERT IGNORE INTO Booking VALUES ('BK079','PS050','TR068','CO001',26,'PY079',NOW(),'2026-04-19');
INSERT IGNORE INTO Booking VALUES ('BK080','PS030','TR099','CO080',72,'PY080',NOW(),'2026-04-19');
INSERT IGNORE INTO Booking VALUES ('BK081','PS025','TR016','CO047',74,'PY081',NOW(),'2026-04-19');
INSERT IGNORE INTO Booking VALUES ('BK082','PS018','TR034','CO011',56,'PY082',NOW(),'2026-04-19');
INSERT IGNORE INTO Booking VALUES ('BK083','PS063','TR055','CO015',45,'PY083',NOW(),'2026-04-19');
INSERT IGNORE INTO Booking VALUES ('BK084','PS100','TR063','CO064',21,'PY084',NOW(),'2026-04-19');
INSERT IGNORE INTO Booking VALUES ('BK085','PS001','TR020','CO053',30,'PY085',NOW(),'2026-04-19');
INSERT IGNORE INTO Booking VALUES ('BK086','PS091','TR055','CO017',25,'PY086',NOW(),'2026-04-19');
INSERT IGNORE INTO Booking VALUES ('BK087','PS031','TR036','CO076',67,'PY087',NOW(),'2026-04-19');
INSERT IGNORE INTO Booking VALUES ('BK088','PS077','TR036','CO079',67,'PY088',NOW(),'2026-04-19');
INSERT IGNORE INTO Booking VALUES ('BK089','PS096','TR099','CO065',29,'PY089',NOW(),'2026-04-19');
INSERT IGNORE INTO Booking VALUES ('BK090','PS085','TR047','CO056',31,'PY090',NOW(),'2026-04-19');
INSERT IGNORE INTO Booking VALUES ('BK091','PS010','TR057','CO056',16,'PY091',NOW(),'2026-04-19');
INSERT IGNORE INTO Booking VALUES ('BK092','PS029','TR056','CO051',72,'PY092',NOW(),'2026-04-19');
INSERT IGNORE INTO Booking VALUES ('BK093','PS100','TR012','CO063',21,'PY093',NOW(),'2026-04-19');
INSERT IGNORE INTO Booking VALUES ('BK094','PS005','TR077','CO081',25,'PY094',NOW(),'2026-04-19');
INSERT IGNORE INTO Booking VALUES ('BK095','PS025','TR020','CO012',63,'PY095',NOW(),'2026-04-19');
INSERT IGNORE INTO Booking VALUES ('BK096','PS006','TR002','CO029',23,'PY096',NOW(),'2026-04-19');
INSERT IGNORE INTO Booking VALUES ('BK097','PS091','TR093','CO063',68,'PY097',NOW(),'2026-04-19');
INSERT IGNORE INTO Booking VALUES ('BK098','PS090','TR088','CO087',23,'PY098',NOW(),'2026-04-19');
INSERT IGNORE INTO Booking VALUES ('BK099','PS069','TR088','CO094',75,'PY099',NOW(),'2026-04-19');
INSERT IGNORE INTO Booking VALUES ('BK100','PS081','TR051','CO081',62,'PY100',NOW(),'2026-04-19');

-- Technicians
INSERT IGNORE INTO Technician VALUES ('TC001','Hasan','Miah','Mechanical',7,'01968860416');
INSERT IGNORE INTO Technician VALUES ('TC002','Rahim','Roy','Engine',9,'01986123936');
INSERT IGNORE INTO Technician VALUES ('TC003','Jamal','Islam','Mechanical',5,'01946797035');
INSERT IGNORE INTO Technician VALUES ('TC004','Tania','Ali','Mechanical',14,'01956531737');
INSERT IGNORE INTO Technician VALUES ('TC005','Rafiq','Talukder','Electrical',14,'01969682282');
INSERT IGNORE INTO Technician VALUES ('TC006','Kamal','Islam','Engine',14,'01918508241');
INSERT IGNORE INTO Technician VALUES ('TC007','Rahim','Talukder','Interior',1,'01946012993');
INSERT IGNORE INTO Technician VALUES ('TC008','Ayesha','Miah','Interior',17,'01981540151');
INSERT IGNORE INTO Technician VALUES ('TC009','Sumaiya','Roy','Interior',4,'01984061276');
INSERT IGNORE INTO Technician VALUES ('TC010','Rafiq','Ahmed','Hydraulics',16,'01926888693');
INSERT IGNORE INTO Technician VALUES ('TC011','Jamal','Khan','Interior',15,'01967962236');
INSERT IGNORE INTO Technician VALUES ('TC012','Amin','Talukder','Hydraulics',4,'01928221403');
INSERT IGNORE INTO Technician VALUES ('TC013','Rahim','Khan','Electrical',5,'01945449868');
INSERT IGNORE INTO Technician VALUES ('TC014','Tania','Hossain','Electrical',7,'01914218511');
INSERT IGNORE INTO Technician VALUES ('TC015','Shahid','Khan','Mechanical',5,'01971508552');
INSERT IGNORE INTO Technician VALUES ('TC016','Jamal','Talukder','Engine',6,'01998341770');
INSERT IGNORE INTO Technician VALUES ('TC017','Kamal','Haque','Hydraulics',5,'01978584662');
INSERT IGNORE INTO Technician VALUES ('TC018','Ayesha','Uddin','Interior',18,'01989650576');
INSERT IGNORE INTO Technician VALUES ('TC019','Nurul','Miah','Interior',5,'01924893967');
INSERT IGNORE INTO Technician VALUES ('TC020','Jamal','Sikder','Electrical',7,'01929549623');
INSERT IGNORE INTO Technician VALUES ('TC021','Nadia','Miah','Interior',5,'01974747356');
INSERT IGNORE INTO Technician VALUES ('TC022','Hasan','Hossain','Electrical',4,'01989447291');
INSERT IGNORE INTO Technician VALUES ('TC023','Tania','Talukder','Hydraulics',8,'01975690101');
INSERT IGNORE INTO Technician VALUES ('TC024','Jamal','Khan','Hydraulics',15,'01960558639');
INSERT IGNORE INTO Technician VALUES ('TC025','Jamal','Haque','Engine',13,'01942714993');
INSERT IGNORE INTO Technician VALUES ('TC026','Ayesha','Hossain','Interior',3,'01943777683');
INSERT IGNORE INTO Technician VALUES ('TC027','Nadia','Sikder','Electrical',15,'01999059212');
INSERT IGNORE INTO Technician VALUES ('TC028','Nurul','Sikder','Interior',4,'01983241178');
INSERT IGNORE INTO Technician VALUES ('TC029','Nadia','Ahmed','Interior',3,'01991321934');
INSERT IGNORE INTO Technician VALUES ('TC030','Tania','Hossain','Electrical',17,'01954052495');
INSERT IGNORE INTO Technician VALUES ('TC031','Nadia','Ahmed','Interior',20,'01992469097');
INSERT IGNORE INTO Technician VALUES ('TC032','Nurul','Miah','Mechanical',17,'01947552977');
INSERT IGNORE INTO Technician VALUES ('TC033','Karim','Chowdhury','Mechanical',10,'01930068755');
INSERT IGNORE INTO Technician VALUES ('TC034','Rafiq','Khatun','Mechanical',6,'01916178070');
INSERT IGNORE INTO Technician VALUES ('TC035','Kamal','Sikder','Engine',14,'01986489423');
INSERT IGNORE INTO Technician VALUES ('TC036','Amin','Miah','Engine',2,'01949205743');
INSERT IGNORE INTO Technician VALUES ('TC037','Tania','Ahmed','Interior',9,'01984194913');
INSERT IGNORE INTO Technician VALUES ('TC038','Nadia','Hossain','Mechanical',9,'01948891674');
INSERT IGNORE INTO Technician VALUES ('TC039','Hasan','Khan','Hydraulics',9,'01960148994');
INSERT IGNORE INTO Technician VALUES ('TC040','Mizan','Chowdhury','Interior',7,'01945555398');
INSERT IGNORE INTO Technician VALUES ('TC041','Sumaiya','Islam','Interior',1,'01985071996');
INSERT IGNORE INTO Technician VALUES ('TC042','Tania','Islam','Interior',6,'01922952606');
INSERT IGNORE INTO Technician VALUES ('TC043','Ayesha','Ali','Hydraulics',4,'01997428863');
INSERT IGNORE INTO Technician VALUES ('TC044','Karim','Khan','Engine',20,'01994171012');
INSERT IGNORE INTO Technician VALUES ('TC045','Rafiq','Rahman','Mechanical',18,'01998742729');
INSERT IGNORE INTO Technician VALUES ('TC046','Mizan','Talukder','Electrical',5,'01916397366');
INSERT IGNORE INTO Technician VALUES ('TC047','Rafiq','Uddin','Engine',14,'01975046279');
INSERT IGNORE INTO Technician VALUES ('TC048','Tania','Miah','Electrical',6,'01935430873');
INSERT IGNORE INTO Technician VALUES ('TC049','Tania','Khatun','Electrical',3,'01980895811');
INSERT IGNORE INTO Technician VALUES ('TC050','Nurul','Sikder','Electrical',3,'01929141662');
INSERT IGNORE INTO Technician VALUES ('TC051','Mizan','Haque','Hydraulics',15,'01991697820');
INSERT IGNORE INTO Technician VALUES ('TC052','Jamal','Haque','Engine',2,'01994299490');
INSERT IGNORE INTO Technician VALUES ('TC053','Rahim','Chowdhury','Hydraulics',5,'01932366978');
INSERT IGNORE INTO Technician VALUES ('TC054','Ayesha','Chowdhury','Mechanical',18,'01925547626');
INSERT IGNORE INTO Technician VALUES ('TC055','Sumaiya','Roy','Electrical',11,'01992885595');
INSERT IGNORE INTO Technician VALUES ('TC056','Fatema','Uddin','Interior',10,'01963350313');
INSERT IGNORE INTO Technician VALUES ('TC057','Fatema','Khan','Hydraulics',1,'01963920554');
INSERT IGNORE INTO Technician VALUES ('TC058','Nurul','Khatun','Interior',18,'01954636054');
INSERT IGNORE INTO Technician VALUES ('TC059','Mizan','Ali','Hydraulics',3,'01928870783');
INSERT IGNORE INTO Technician VALUES ('TC060','Jamal','Islam','Hydraulics',20,'01940027960');
INSERT IGNORE INTO Technician VALUES ('TC061','Rafiq','Haque','Interior',11,'01991549578');
INSERT IGNORE INTO Technician VALUES ('TC062','Mizan','Haque','Mechanical',17,'01984819683');
INSERT IGNORE INTO Technician VALUES ('TC063','Hasan','Islam','Electrical',4,'01915375332');
INSERT IGNORE INTO Technician VALUES ('TC064','Hasan','Uddin','Mechanical',3,'01975732990');
INSERT IGNORE INTO Technician VALUES ('TC065','Nurul','Roy','Hydraulics',5,'01955945525');
INSERT IGNORE INTO Technician VALUES ('TC066','Kamal','Talukder','Interior',8,'01984181597');
INSERT IGNORE INTO Technician VALUES ('TC067','Kamal','Roy','Electrical',11,'01912858014');
INSERT IGNORE INTO Technician VALUES ('TC068','Rafiq','Khan','Engine',6,'01967920609');
INSERT IGNORE INTO Technician VALUES ('TC069','Karim','Talukder','Interior',13,'01942915957');
INSERT IGNORE INTO Technician VALUES ('TC070','Nadia','Miah','Hydraulics',16,'01955541078');
INSERT IGNORE INTO Technician VALUES ('TC071','Fatema','Chowdhury','Interior',17,'01990268314');
INSERT IGNORE INTO Technician VALUES ('TC072','Karim','Ahmed','Electrical',7,'01937196134');
INSERT IGNORE INTO Technician VALUES ('TC073','Jamal','Chowdhury','Hydraulics',19,'01955854984');
INSERT IGNORE INTO Technician VALUES ('TC074','Rahim','Haque','Hydraulics',2,'01990676486');
INSERT IGNORE INTO Technician VALUES ('TC075','Kamal','Khatun','Electrical',6,'01971539535');
INSERT IGNORE INTO Technician VALUES ('TC076','Mizan','Begum','Electrical',17,'01957226180');
INSERT IGNORE INTO Technician VALUES ('TC077','Rahim','Talukder','Engine',11,'01985494002');
INSERT IGNORE INTO Technician VALUES ('TC078','Nadia','Ahmed','Hydraulics',3,'01953153009');
INSERT IGNORE INTO Technician VALUES ('TC079','Kamal','Hossain','Engine',2,'01990373430');
INSERT IGNORE INTO Technician VALUES ('TC080','Fatema','Uddin','Hydraulics',20,'01980489156');
INSERT IGNORE INTO Technician VALUES ('TC081','Amin','Sikder','Hydraulics',14,'01973073967');
INSERT IGNORE INTO Technician VALUES ('TC082','Rafiq','Ahmed','Interior',16,'01983546467');
INSERT IGNORE INTO Technician VALUES ('TC083','Karim','Islam','Interior',8,'01933955250');
INSERT IGNORE INTO Technician VALUES ('TC084','Karim','Hossain','Engine',8,'01949031735');
INSERT IGNORE INTO Technician VALUES ('TC085','Jamal','Rahman','Electrical',20,'01998014855');
INSERT IGNORE INTO Technician VALUES ('TC086','Shahid','Talukder','Hydraulics',15,'01967133932');
INSERT IGNORE INTO Technician VALUES ('TC087','Amin','Ahmed','Engine',3,'01929453157');
INSERT IGNORE INTO Technician VALUES ('TC088','Ayesha','Hossain','Interior',19,'01924459405');
INSERT IGNORE INTO Technician VALUES ('TC089','Jamal','Khatun','Mechanical',14,'01932412022');
INSERT IGNORE INTO Technician VALUES ('TC090','Kamal','Sikder','Interior',10,'01962680241');
INSERT IGNORE INTO Technician VALUES ('TC091','Sumaiya','Talukder','Engine',20,'01944102721');
INSERT IGNORE INTO Technician VALUES ('TC092','Mizan','Rahman','Electrical',2,'01972255187');
INSERT IGNORE INTO Technician VALUES ('TC093','Rafiq','Sikder','Interior',5,'01960003944');
INSERT IGNORE INTO Technician VALUES ('TC094','Nadia','Ahmed','Interior',8,'01943031564');
INSERT IGNORE INTO Technician VALUES ('TC095','Shahid','Khan','Electrical',18,'01970813579');
INSERT IGNORE INTO Technician VALUES ('TC096','Rafiq','Islam','Mechanical',20,'01947785737');
INSERT IGNORE INTO Technician VALUES ('TC097','Jamal','Ali','Engine',17,'01961912486');
INSERT IGNORE INTO Technician VALUES ('TC098','Sumaiya','Begum','Engine',20,'01942296877');
INSERT IGNORE INTO Technician VALUES ('TC099','Fatema','Uddin','Electrical',16,'01967267977');
INSERT IGNORE INTO Technician VALUES ('TC100','Sumaiya','Miah','Electrical',16,'01910458574');

-- Maintenances
INSERT IGNORE INTO Maintenance VALUES ('MT001','TR100','TC069','Emergency','2025-12-14','Completed check');
INSERT IGNORE INTO Maintenance VALUES ('MT002','TR092','TC052','Emergency','2025-06-26','Completed check');
INSERT IGNORE INTO Maintenance VALUES ('MT003','TR083','TC056','Routine','2026-02-21','Completed check');
INSERT IGNORE INTO Maintenance VALUES ('MT004','TR043','TC022','Inspection','2026-04-18','Completed check');
INSERT IGNORE INTO Maintenance VALUES ('MT005','TR079','TC046','Scheduled','2025-06-24','Completed check');
INSERT IGNORE INTO Maintenance VALUES ('MT006','TR060','TC073','Inspection','2025-11-03','Completed check');
INSERT IGNORE INTO Maintenance VALUES ('MT007','TR093','TC068','Inspection','2025-10-05','Completed check');
INSERT IGNORE INTO Maintenance VALUES ('MT008','TR055','TC069','Inspection','2025-08-26','Completed check');
INSERT IGNORE INTO Maintenance VALUES ('MT009','TR094','TC085','Emergency','2026-01-25','Completed check');
INSERT IGNORE INTO Maintenance VALUES ('MT010','TR006','TC006','Scheduled','2026-03-04','Completed check');
INSERT IGNORE INTO Maintenance VALUES ('MT011','TR087','TC013','Scheduled','2026-01-27','Completed check');
INSERT IGNORE INTO Maintenance VALUES ('MT012','TR088','TC066','Emergency','2025-09-25','Completed check');
INSERT IGNORE INTO Maintenance VALUES ('MT013','TR031','TC037','Inspection','2026-04-18','Completed check');
INSERT IGNORE INTO Maintenance VALUES ('MT014','TR013','TC038','Inspection','2025-10-12','Completed check');
INSERT IGNORE INTO Maintenance VALUES ('MT015','TR013','TC053','Scheduled','2026-02-25','Completed check');
INSERT IGNORE INTO Maintenance VALUES ('MT016','TR029','TC047','Scheduled','2026-02-10','Completed check');
INSERT IGNORE INTO Maintenance VALUES ('MT017','TR095','TC016','Emergency','2026-03-17','Completed check');
INSERT IGNORE INTO Maintenance VALUES ('MT018','TR039','TC089','Emergency','2025-06-27','Completed check');
INSERT IGNORE INTO Maintenance VALUES ('MT019','TR083','TC097','Scheduled','2025-09-11','Completed check');
INSERT IGNORE INTO Maintenance VALUES ('MT020','TR052','TC084','Emergency','2025-07-14','Completed check');
INSERT IGNORE INTO Maintenance VALUES ('MT021','TR082','TC020','Routine','2025-09-01','Completed check');
INSERT IGNORE INTO Maintenance VALUES ('MT022','TR041','TC028','Emergency','2026-04-18','Completed check');
INSERT IGNORE INTO Maintenance VALUES ('MT023','TR065','TC011','Scheduled','2026-03-26','Completed check');
INSERT IGNORE INTO Maintenance VALUES ('MT024','TR025','TC012','Scheduled','2026-01-26','Completed check');
INSERT IGNORE INTO Maintenance VALUES ('MT025','TR044','TC015','Emergency','2025-07-15','Completed check');
INSERT IGNORE INTO Maintenance VALUES ('MT026','TR078','TC009','Routine','2025-07-02','Completed check');
INSERT IGNORE INTO Maintenance VALUES ('MT027','TR009','TC068','Routine','2025-10-16','Completed check');
INSERT IGNORE INTO Maintenance VALUES ('MT028','TR081','TC010','Routine','2026-04-04','Completed check');
INSERT IGNORE INTO Maintenance VALUES ('MT029','TR024','TC010','Routine','2025-08-19','Completed check');
INSERT IGNORE INTO Maintenance VALUES ('MT030','TR049','TC098','Inspection','2025-06-28','Completed check');
INSERT IGNORE INTO Maintenance VALUES ('MT031','TR054','TC025','Routine','2025-12-03','Completed check');
INSERT IGNORE INTO Maintenance VALUES ('MT032','TR040','TC034','Routine','2026-04-14','Completed check');
INSERT IGNORE INTO Maintenance VALUES ('MT033','TR100','TC047','Routine','2025-09-17','Completed check');
INSERT IGNORE INTO Maintenance VALUES ('MT034','TR061','TC023','Scheduled','2026-04-09','Completed check');
INSERT IGNORE INTO Maintenance VALUES ('MT035','TR006','TC068','Routine','2026-04-13','Completed check');
INSERT IGNORE INTO Maintenance VALUES ('MT036','TR081','TC035','Scheduled','2025-12-25','Completed check');
INSERT IGNORE INTO Maintenance VALUES ('MT037','TR020','TC096','Emergency','2026-03-01','Completed check');
INSERT IGNORE INTO Maintenance VALUES ('MT038','TR030','TC041','Scheduled','2025-09-14','Completed check');
INSERT IGNORE INTO Maintenance VALUES ('MT039','TR035','TC084','Inspection','2026-01-28','Completed check');
INSERT IGNORE INTO Maintenance VALUES ('MT040','TR097','TC054','Emergency','2025-12-20','Completed check');
INSERT IGNORE INTO Maintenance VALUES ('MT041','TR020','TC025','Inspection','2025-08-26','Completed check');
INSERT IGNORE INTO Maintenance VALUES ('MT042','TR095','TC006','Scheduled','2026-01-06','Completed check');
INSERT IGNORE INTO Maintenance VALUES ('MT043','TR003','TC025','Emergency','2026-02-12','Completed check');
INSERT IGNORE INTO Maintenance VALUES ('MT044','TR077','TC070','Routine','2025-08-11','Completed check');
INSERT IGNORE INTO Maintenance VALUES ('MT045','TR085','TC098','Emergency','2025-09-19','Completed check');
INSERT IGNORE INTO Maintenance VALUES ('MT046','TR007','TC080','Routine','2025-08-16','Completed check');
INSERT IGNORE INTO Maintenance VALUES ('MT047','TR078','TC092','Routine','2026-03-04','Completed check');
INSERT IGNORE INTO Maintenance VALUES ('MT048','TR002','TC066','Emergency','2026-03-10','Completed check');
INSERT IGNORE INTO Maintenance VALUES ('MT049','TR004','TC051','Emergency','2025-10-20','Completed check');
INSERT IGNORE INTO Maintenance VALUES ('MT050','TR078','TC065','Emergency','2026-01-07','Completed check');
INSERT IGNORE INTO Maintenance VALUES ('MT051','TR034','TC099','Routine','2025-08-13','Completed check');
INSERT IGNORE INTO Maintenance VALUES ('MT052','TR094','TC036','Routine','2025-07-12','Completed check');
INSERT IGNORE INTO Maintenance VALUES ('MT053','TR075','TC088','Emergency','2026-04-16','Completed check');
INSERT IGNORE INTO Maintenance VALUES ('MT054','TR087','TC067','Scheduled','2025-12-05','Completed check');
INSERT IGNORE INTO Maintenance VALUES ('MT055','TR041','TC014','Inspection','2025-09-09','Completed check');
INSERT IGNORE INTO Maintenance VALUES ('MT056','TR004','TC066','Scheduled','2025-08-26','Completed check');
INSERT IGNORE INTO Maintenance VALUES ('MT057','TR081','TC053','Inspection','2026-03-18','Completed check');
INSERT IGNORE INTO Maintenance VALUES ('MT058','TR038','TC067','Emergency','2026-01-21','Completed check');
INSERT IGNORE INTO Maintenance VALUES ('MT059','TR021','TC083','Emergency','2026-02-06','Completed check');
INSERT IGNORE INTO Maintenance VALUES ('MT060','TR042','TC064','Scheduled','2025-10-23','Completed check');
INSERT IGNORE INTO Maintenance VALUES ('MT061','TR073','TC067','Scheduled','2025-09-24','Completed check');
INSERT IGNORE INTO Maintenance VALUES ('MT062','TR026','TC079','Emergency','2025-11-15','Completed check');
INSERT IGNORE INTO Maintenance VALUES ('MT063','TR031','TC037','Scheduled','2025-11-14','Completed check');
INSERT IGNORE INTO Maintenance VALUES ('MT064','TR065','TC032','Emergency','2025-07-20','Completed check');
INSERT IGNORE INTO Maintenance VALUES ('MT065','TR059','TC007','Scheduled','2026-01-23','Completed check');
INSERT IGNORE INTO Maintenance VALUES ('MT066','TR038','TC023','Inspection','2026-03-27','Completed check');
INSERT IGNORE INTO Maintenance VALUES ('MT067','TR084','TC082','Routine','2025-12-24','Completed check');
INSERT IGNORE INTO Maintenance VALUES ('MT068','TR002','TC015','Scheduled','2025-11-25','Completed check');
INSERT IGNORE INTO Maintenance VALUES ('MT069','TR035','TC024','Inspection','2025-11-19','Completed check');
INSERT IGNORE INTO Maintenance VALUES ('MT070','TR032','TC024','Routine','2026-03-05','Completed check');
INSERT IGNORE INTO Maintenance VALUES ('MT071','TR031','TC073','Emergency','2025-12-12','Completed check');
INSERT IGNORE INTO Maintenance VALUES ('MT072','TR054','TC086','Emergency','2025-08-15','Completed check');
INSERT IGNORE INTO Maintenance VALUES ('MT073','TR024','TC003','Scheduled','2026-01-09','Completed check');
INSERT IGNORE INTO Maintenance VALUES ('MT074','TR053','TC038','Scheduled','2026-02-20','Completed check');
INSERT IGNORE INTO Maintenance VALUES ('MT075','TR086','TC008','Scheduled','2026-02-24','Completed check');
INSERT IGNORE INTO Maintenance VALUES ('MT076','TR071','TC008','Inspection','2026-04-13','Completed check');
INSERT IGNORE INTO Maintenance VALUES ('MT077','TR049','TC099','Routine','2026-01-06','Completed check');
INSERT IGNORE INTO Maintenance VALUES ('MT078','TR094','TC051','Emergency','2025-09-13','Completed check');
INSERT IGNORE INTO Maintenance VALUES ('MT079','TR067','TC018','Scheduled','2025-12-22','Completed check');
INSERT IGNORE INTO Maintenance VALUES ('MT080','TR038','TC079','Inspection','2025-08-28','Completed check');
INSERT IGNORE INTO Maintenance VALUES ('MT081','TR069','TC052','Emergency','2025-07-04','Completed check');
INSERT IGNORE INTO Maintenance VALUES ('MT082','TR068','TC015','Inspection','2025-10-19','Completed check');
INSERT IGNORE INTO Maintenance VALUES ('MT083','TR035','TC026','Emergency','2025-07-23','Completed check');
INSERT IGNORE INTO Maintenance VALUES ('MT084','TR003','TC006','Scheduled','2025-10-25','Completed check');
INSERT IGNORE INTO Maintenance VALUES ('MT085','TR055','TC006','Inspection','2026-03-05','Completed check');
INSERT IGNORE INTO Maintenance VALUES ('MT086','TR032','TC030','Routine','2025-12-02','Completed check');
INSERT IGNORE INTO Maintenance VALUES ('MT087','TR078','TC070','Routine','2025-11-28','Completed check');
INSERT IGNORE INTO Maintenance VALUES ('MT088','TR097','TC058','Scheduled','2025-07-28','Completed check');
INSERT IGNORE INTO Maintenance VALUES ('MT089','TR030','TC013','Inspection','2025-09-08','Completed check');
INSERT IGNORE INTO Maintenance VALUES ('MT090','TR074','TC100','Routine','2025-11-07','Completed check');
INSERT IGNORE INTO Maintenance VALUES ('MT091','TR100','TC063','Inspection','2025-08-28','Completed check');
INSERT IGNORE INTO Maintenance VALUES ('MT092','TR041','TC064','Routine','2025-07-20','Completed check');
INSERT IGNORE INTO Maintenance VALUES ('MT093','TR001','TC048','Inspection','2025-09-24','Completed check');
INSERT IGNORE INTO Maintenance VALUES ('MT094','TR067','TC061','Routine','2025-10-05','Completed check');
INSERT IGNORE INTO Maintenance VALUES ('MT095','TR003','TC058','Scheduled','2026-03-29','Completed check');
INSERT IGNORE INTO Maintenance VALUES ('MT096','TR029','TC018','Emergency','2025-08-13','Completed check');
INSERT IGNORE INTO Maintenance VALUES ('MT097','TR099','TC100','Emergency','2026-01-09','Completed check');
INSERT IGNORE INTO Maintenance VALUES ('MT098','TR090','TC060','Inspection','2025-11-22','Completed check');
INSERT IGNORE INTO Maintenance VALUES ('MT099','TR073','TC026','Scheduled','2026-01-09','Completed check');
INSERT IGNORE INTO Maintenance VALUES ('MT100','TR023','TC053','Routine','2025-07-12','Completed check');

-- Drivers
INSERT IGNORE INTO Driver VALUES ('DRV001','EMP001','Intercity','2029-08-04');
INSERT IGNORE INTO Driver VALUES ('DRV002','EMP002','Intercity','2030-06-26');
INSERT IGNORE INTO Driver VALUES ('DRV003','EMP003','Express','2029-01-06');
INSERT IGNORE INTO Driver VALUES ('DRV004','EMP004','Intercity','2030-10-16');
INSERT IGNORE INTO Driver VALUES ('DRV005','EMP005','Express','2028-01-05');
INSERT IGNORE INTO Driver VALUES ('DRV006','EMP006','Intercity','2028-07-14');
INSERT IGNORE INTO Driver VALUES ('DRV007','EMP007','Express','2029-04-12');
INSERT IGNORE INTO Driver VALUES ('DRV008','EMP008','Express','2028-08-12');
INSERT IGNORE INTO Driver VALUES ('DRV009','EMP009','Intercity','2030-07-22');
INSERT IGNORE INTO Driver VALUES ('DRV010','EMP010','Intercity','2030-05-28');
INSERT IGNORE INTO Driver VALUES ('DRV011','EMP011','Intercity','2028-12-14');
INSERT IGNORE INTO Driver VALUES ('DRV012','EMP012','Express','2027-04-27');
INSERT IGNORE INTO Driver VALUES ('DRV013','EMP013','Intercity','2030-02-15');
INSERT IGNORE INTO Driver VALUES ('DRV014','EMP014','Intercity','2030-04-10');
INSERT IGNORE INTO Driver VALUES ('DRV015','EMP015','Express','2030-05-13');
INSERT IGNORE INTO Driver VALUES ('DRV016','EMP016','Express','2030-10-30');
INSERT IGNORE INTO Driver VALUES ('DRV017','EMP017','Intercity','2030-08-01');
INSERT IGNORE INTO Driver VALUES ('DRV018','EMP018','Express','2031-06-25');
INSERT IGNORE INTO Driver VALUES ('DRV019','EMP019','Express','2030-11-15');
INSERT IGNORE INTO Driver VALUES ('DRV020','EMP020','Intercity','2029-12-04');
INSERT IGNORE INTO Driver VALUES ('DRV021','EMP021','Express','2029-08-25');
INSERT IGNORE INTO Driver VALUES ('DRV022','EMP022','Express','2030-05-13');
INSERT IGNORE INTO Driver VALUES ('DRV023','EMP023','Express','2027-11-08');
INSERT IGNORE INTO Driver VALUES ('DRV024','EMP024','Intercity','2029-06-05');
INSERT IGNORE INTO Driver VALUES ('DRV025','EMP025','Intercity','2031-09-18');
INSERT IGNORE INTO Driver VALUES ('DRV026','EMP026','Express','2029-05-27');
INSERT IGNORE INTO Driver VALUES ('DRV027','EMP027','Intercity','2028-06-14');
INSERT IGNORE INTO Driver VALUES ('DRV028','EMP028','Express','2029-09-22');
INSERT IGNORE INTO Driver VALUES ('DRV029','EMP029','Intercity','2027-05-15');
INSERT IGNORE INTO Driver VALUES ('DRV030','EMP030','Intercity','2031-05-15');
INSERT IGNORE INTO Driver VALUES ('DRV031','EMP031','Express','2027-09-12');
INSERT IGNORE INTO Driver VALUES ('DRV032','EMP032','Intercity','2028-11-01');
INSERT IGNORE INTO Driver VALUES ('DRV033','EMP033','Intercity','2029-08-20');
INSERT IGNORE INTO Driver VALUES ('DRV034','EMP034','Express','2027-06-16');
INSERT IGNORE INTO Driver VALUES ('DRV035','EMP035','Intercity','2027-09-15');
INSERT IGNORE INTO Driver VALUES ('DRV036','EMP036','Express','2030-05-22');
INSERT IGNORE INTO Driver VALUES ('DRV037','EMP037','Intercity','2031-09-05');
INSERT IGNORE INTO Driver VALUES ('DRV038','EMP038','Express','2030-09-09');
INSERT IGNORE INTO Driver VALUES ('DRV039','EMP039','Express','2030-09-19');
INSERT IGNORE INTO Driver VALUES ('DRV040','EMP040','Intercity','2027-05-01');
INSERT IGNORE INTO Driver VALUES ('DRV041','EMP041','Intercity','2028-12-01');
INSERT IGNORE INTO Driver VALUES ('DRV042','EMP042','Intercity','2027-05-20');
INSERT IGNORE INTO Driver VALUES ('DRV043','EMP043','Intercity','2028-09-24');
INSERT IGNORE INTO Driver VALUES ('DRV044','EMP044','Express','2029-07-21');
INSERT IGNORE INTO Driver VALUES ('DRV045','EMP045','Express','2029-02-05');
INSERT IGNORE INTO Driver VALUES ('DRV046','EMP046','Express','2028-05-30');
INSERT IGNORE INTO Driver VALUES ('DRV047','EMP047','Express','2027-10-02');
INSERT IGNORE INTO Driver VALUES ('DRV048','EMP048','Intercity','2031-06-15');
INSERT IGNORE INTO Driver VALUES ('DRV049','EMP049','Intercity','2027-09-05');
INSERT IGNORE INTO Driver VALUES ('DRV050','EMP050','Intercity','2027-03-26');

-- Platform Staff
INSERT IGNORE INTO Platform_Staff VALUES ('PF001','EMP051','P5','Morning');
INSERT IGNORE INTO Platform_Staff VALUES ('PF002','EMP052','P4','Evening');
INSERT IGNORE INTO Platform_Staff VALUES ('PF003','EMP053','P5','Evening');
INSERT IGNORE INTO Platform_Staff VALUES ('PF004','EMP054','P2','Evening');
INSERT IGNORE INTO Platform_Staff VALUES ('PF005','EMP055','P3','Morning');
INSERT IGNORE INTO Platform_Staff VALUES ('PF006','EMP056','P2','Evening');
INSERT IGNORE INTO Platform_Staff VALUES ('PF007','EMP057','P4','Evening');
INSERT IGNORE INTO Platform_Staff VALUES ('PF008','EMP058','P1','Evening');
INSERT IGNORE INTO Platform_Staff VALUES ('PF009','EMP059','P5','Evening');
INSERT IGNORE INTO Platform_Staff VALUES ('PF010','EMP060','P1','Evening');
INSERT IGNORE INTO Platform_Staff VALUES ('PF011','EMP061','P1','Evening');
INSERT IGNORE INTO Platform_Staff VALUES ('PF012','EMP062','P2','Evening');
INSERT IGNORE INTO Platform_Staff VALUES ('PF013','EMP063','P1','Morning');
INSERT IGNORE INTO Platform_Staff VALUES ('PF014','EMP064','P2','Morning');
INSERT IGNORE INTO Platform_Staff VALUES ('PF015','EMP065','P4','Morning');
INSERT IGNORE INTO Platform_Staff VALUES ('PF016','EMP066','P1','Morning');
INSERT IGNORE INTO Platform_Staff VALUES ('PF017','EMP067','P1','Evening');
INSERT IGNORE INTO Platform_Staff VALUES ('PF018','EMP068','P3','Evening');
INSERT IGNORE INTO Platform_Staff VALUES ('PF019','EMP069','P2','Evening');
INSERT IGNORE INTO Platform_Staff VALUES ('PF020','EMP070','P3','Evening');
INSERT IGNORE INTO Platform_Staff VALUES ('PF021','EMP071','P5','Morning');
INSERT IGNORE INTO Platform_Staff VALUES ('PF022','EMP072','P1','Morning');
INSERT IGNORE INTO Platform_Staff VALUES ('PF023','EMP073','P5','Morning');
INSERT IGNORE INTO Platform_Staff VALUES ('PF024','EMP074','P5','Morning');
INSERT IGNORE INTO Platform_Staff VALUES ('PF025','EMP075','P3','Evening');
INSERT IGNORE INTO Platform_Staff VALUES ('PF026','EMP076','P5','Evening');
INSERT IGNORE INTO Platform_Staff VALUES ('PF027','EMP077','P5','Morning');
INSERT IGNORE INTO Platform_Staff VALUES ('PF028','EMP078','P4','Morning');
INSERT IGNORE INTO Platform_Staff VALUES ('PF029','EMP079','P1','Evening');
INSERT IGNORE INTO Platform_Staff VALUES ('PF030','EMP080','P3','Morning');
INSERT IGNORE INTO Platform_Staff VALUES ('PF031','EMP081','P4','Morning');
INSERT IGNORE INTO Platform_Staff VALUES ('PF032','EMP082','P5','Morning');
INSERT IGNORE INTO Platform_Staff VALUES ('PF033','EMP083','P1','Morning');
INSERT IGNORE INTO Platform_Staff VALUES ('PF034','EMP084','P3','Evening');
INSERT IGNORE INTO Platform_Staff VALUES ('PF035','EMP085','P1','Evening');
INSERT IGNORE INTO Platform_Staff VALUES ('PF036','EMP086','P3','Evening');
INSERT IGNORE INTO Platform_Staff VALUES ('PF037','EMP087','P4','Morning');
INSERT IGNORE INTO Platform_Staff VALUES ('PF038','EMP088','P4','Evening');
INSERT IGNORE INTO Platform_Staff VALUES ('PF039','EMP089','P3','Morning');
INSERT IGNORE INTO Platform_Staff VALUES ('PF040','EMP090','P5','Evening');
INSERT IGNORE INTO Platform_Staff VALUES ('PF041','EMP091','P4','Evening');
INSERT IGNORE INTO Platform_Staff VALUES ('PF042','EMP092','P2','Evening');
INSERT IGNORE INTO Platform_Staff VALUES ('PF043','EMP093','P4','Morning');
INSERT IGNORE INTO Platform_Staff VALUES ('PF044','EMP094','P4','Evening');
INSERT IGNORE INTO Platform_Staff VALUES ('PF045','EMP095','P1','Morning');
INSERT IGNORE INTO Platform_Staff VALUES ('PF046','EMP096','P3','Morning');
INSERT IGNORE INTO Platform_Staff VALUES ('PF047','EMP097','P1','Evening');
INSERT IGNORE INTO Platform_Staff VALUES ('PF048','EMP098','P4','Morning');
INSERT IGNORE INTO Platform_Staff VALUES ('PF049','EMP099','P4','Morning');
INSERT IGNORE INTO Platform_Staff VALUES ('PF050','EMP100','P4','Evening');

SET FOREIGN_KEY_CHECKS = 1;
COMMIT;
